/*
SQLyog Ultimate v11.24 (32 bit)
MySQL - 5.6.18-enterprise-commercial-advanced : Database - smess
*********************************************************************
*/

/*!40101 SET NAMES utf8 */;

/*!40101 SET SQL_MODE=''*/;

/*!40014 SET @OLD_UNIQUE_CHECKS=@@UNIQUE_CHECKS, UNIQUE_CHECKS=0 */;
/*!40014 SET @OLD_FOREIGN_KEY_CHECKS=@@FOREIGN_KEY_CHECKS, FOREIGN_KEY_CHECKS=0 */;
/*!40101 SET @OLD_SQL_MODE=@@SQL_MODE, SQL_MODE='NO_AUTO_VALUE_ON_ZERO' */;
/*!40111 SET @OLD_SQL_NOTES=@@SQL_NOTES, SQL_NOTES=0 */;
CREATE DATABASE /*!32312 IF NOT EXISTS*/`smess` /*!40100 DEFAULT CHARACTER SET utf8 */;

USE `smess`;

/*Table structure for table `cp_goods` */

DROP TABLE IF EXISTS `cp_goods`;

CREATE TABLE `cp_goods` (
  `GOODS_ID` varchar(100) NOT NULL,
  `TITLE` varchar(255) DEFAULT NULL COMMENT '商品标题',
  `BIANMA` varchar(30) DEFAULT NULL COMMENT '商品编码',
  `SPTYPE_ID` varchar(100) DEFAULT NULL COMMENT '商品类别',
  `SPBRAND_ID` varchar(100) DEFAULT NULL COMMENT '品牌',
  `SPUNIT_ID` varchar(100) DEFAULT NULL COMMENT '计量单位',
  `DESCRIPTION` varchar(5000) DEFAULT NULL COMMENT '商品描述',
  `SHORTDESC` varchar(500) DEFAULT NULL COMMENT '简述',
  `USERNAME` varchar(100) DEFAULT NULL COMMENT '用户名',
  `GCOUNT` double(8,2) DEFAULT NULL,
  `GPRICE` double(8,2) DEFAULT NULL,
  PRIMARY KEY (`GOODS_ID`)
) ENGINE=InnoDB DEFAULT CHARSET=utf8;

/*Data for the table `cp_goods` */

insert  into `cp_goods`(`GOODS_ID`,`TITLE`,`BIANMA`,`SPTYPE_ID`,`SPBRAND_ID`,`SPUNIT_ID`,`DESCRIPTION`,`SHORTDESC`,`USERNAME`,`GCOUNT`,`GPRICE`) values ('284e2238d7fc4bd481c6324fc4c160cf','蒙发护发膏','0000000001','80c376c418014643aa1a77e2462ce704','a129234a7c584cedbc90f2917f3c9b9c','87e8777c1b514085a09e0f3438151b24','<p>蒙发护发膏</p>','蒙发护发膏','a1',16.00,99.00),('6528afa1529a4aa4a71ea472ee371602','冬瓜','0000000002','09489dd4cd9944cea3567c08dbd4851a','326e7c0063eb48a1b6f8174d90d35cee','90253e45fc5241cc9afb184e65ec1d23','<p>新货上架</p>','新货','a0',25.00,4.50),('817a7d0aa4994412b0642154f7be2f46','椰子','0000000003','b14aedc5176e4702b9028c04dba59ee0','38194aaf7ae746099c66bd032f948fd5','1fc19e81349a407abae8ae292af9edcd','<p>清凉&nbsp;&nbsp;&nbsp;&nbsp;&nbsp;&nbsp;</p>','清凉','a2',0.00,8.00),('86b28c0c932c4528b06324d680ffbd77','电磁炉','0000000004','4f9e0ae21c114961b6a3b5d762e43453','38194aaf7ae746099c66bd032f948fd5','35299d88b9704ed29ccbb9c490927a61','<p>好用</p>','好用','a0',32.00,369.00),('a13d6cbf3a3e4b69ab47c72dfd9f5bf2','西瓜','0000000005','b14aedc5176e4702b9028c04dba59ee0','3349c52933d84ee8ac9e50ec316c0591','1fc19e81349a407abae8ae292af9edcd','<p>DDA</p>','DDA','a0',0.00,18.00),('adfd62b9bcde4474b826f92ce64f518d','蒙发护洗发水','0000000006','80c376c418014643aa1a77e2462ce704','a129234a7c584cedbc90f2917f3c9b9c','87e8777c1b514085a09e0f3438151b24','<p>蒙发护洗发水</p>','蒙发护洗发水','a1',35.00,88.00),('b27e2ba8eab74c90a1418ac341d63241','潘婷洗发水','0000000007','8e5ed83e9fec45fb8ac7ab18f65a184d','b2c38d9209064cf8967416f2b45d2301','cbee034f4c9c4c47b097ee4ee559a67d','<p>洗发水</p>','洗发水','a2',15.00,55.00),('dfc5b578109b405da6753bc93bc66855','鼠标','0000000008','e4dfbaa282244d05872ef0f372119fcb','38194aaf7ae746099c66bd032f948fd5','1fc19e81349a407abae8ae292af9edcd','<p>好用</p>','好用','a0',10.00,50.00),('f0eb6f8cbebc453da88a8c2e1625c9f3','蒙发护发素','0000000010','95a3946f4be247ecab2979ae90833a76','a129234a7c584cedbc90f2917f3c9b9c','abbb90a0b5624157a0593e2326d92720','<p>潘婷护法乳</p>','潘婷护法乳','a1',48.00,99.00),('fd1528870f1a40d7b10ad26ac2d8c1a8','键盘','0000000011','e4dfbaa282244d05872ef0f372119fcb','38194aaf7ae746099c66bd032f948fd5','1fc19e81349a407abae8ae292af9edcd','<p>DDA</p>','DDA','a0',5.00,158.00);

/*Table structure for table `cp_spbrand` */

DROP TABLE IF EXISTS `cp_spbrand`;

CREATE TABLE `cp_spbrand` (
  `SPBRAND_ID` varchar(100) NOT NULL,
  `NAME` varchar(50) DEFAULT NULL COMMENT '品牌管理',
  `BZ` varchar(1000) DEFAULT NULL COMMENT '备注',
  `USERNAME` varchar(100) DEFAULT NULL COMMENT '用户名',
  PRIMARY KEY (`SPBRAND_ID`)
) ENGINE=InnoDB DEFAULT CHARSET=utf8;

/*Data for the table `cp_spbrand` */

insert  into `cp_spbrand`(`SPBRAND_ID`,`NAME`,`BZ`,`USERNAME`) values ('087cc4f010a54243abd616edc449db38','丽人坊','丽人坊','a0'),('10b0b03576ac485b98925d36eba19df9','七度空间','七度空间','a0'),('110106abb24a45889f1e6203f6374de2','华为','华为','a0'),('2a99697d2a1c404f9e7183553fcc1d69','绿箭','绿箭','a0'),('31b0f4744ed342f6867023dc9bb5b98a','步步高','步步高','a0'),('326e7c0063eb48a1b6f8174d90d35cee','雀巢','雀巢','a0'),('3349c52933d84ee8ac9e50ec316c0591','小太阳','小太阳','a0'),('38194aaf7ae746099c66bd032f948fd5','雷柏','雷柏','a0'),('3d90a5f2d42f40b5957072dfc2a236f1','舒肤佳','舒肤佳','a0'),('487c491bc45e42bb8251778eb85ed8f4','青岛啤酒','青岛啤酒','a0'),('69ef92ed907f42f29fa987dd090dea03','黑美人哈密瓜','水果类','a0'),('80db6c5d281d49458ac2aaf058c8e179','七匹狼','七匹狼','a0'),('84ea677ac8ed409fb0bd41aee4032ba7','立白','立白','a0'),('8f2df5d91c6a480d893a249eabea81a0','湖光泉','湖光泉','a0'),('97e5d9815d9f4725a280828f56c42cdb','索菲亚','索菲亚','a0'),('a129234a7c584cedbc90f2917f3c9b9c','蒙发','蒙发','a1'),('ac5cd9eb7c5c4226a2ecf242bde86fc6','九九香','九九香','a0'),('acfee2fd5d1f48ddbca900a6a2cf03de','特步','特步','a0'),('b2c38d9209064cf8967416f2b45d2301','潘婷','洗发水','a0'),('caf12f5a00c347ed80e29c9d66710690','南极人','南极人','a0'),('cee9ee0efc964c3cbf69c06552b00173','安踏','安踏','a0'),('d2a2381289c0491eaba2a4fb9683b0eb','零感','零感','a0'),('d9f2d9139141413da0a712b825ad44e0','农夫山泉','农夫山泉','a0'),('e4b8e3f617d44cd48f10cd9df19462f4','珠江啤酒','珠江啤酒','a0');

/*Table structure for table `cp_sptype` */

DROP TABLE IF EXISTS `cp_sptype`;

CREATE TABLE `cp_sptype` (
  `SPTYPE_ID` varchar(100) NOT NULL,
  `NAME` varchar(50) DEFAULT NULL COMMENT '商品类别',
  `BZ` varchar(1000) DEFAULT NULL COMMENT '备注',
  `USERNAME` varchar(100) DEFAULT NULL COMMENT '修改人',
  PRIMARY KEY (`SPTYPE_ID`)
) ENGINE=InnoDB DEFAULT CHARSET=utf8;

/*Data for the table `cp_sptype` */

insert  into `cp_sptype`(`SPTYPE_ID`,`NAME`,`BZ`,`USERNAME`) values ('09489dd4cd9944cea3567c08dbd4851a','蔬菜类','蔬菜类','a0'),('2a5bc6d333c747c290ab64eb066ca73f','清洁类','清洁类','a0'),('4b185d838c704248b5f8f928d96fc32e','肉类','肉类','a0'),('4f9e0ae21c114961b6a3b5d762e43453','家电类','家电类','a0'),('66e1fd886f94460f98fc7ec40a9f29e7','洗衣液','洗衣液','a0'),('80c376c418014643aa1a77e2462ce704','养发系类','养发系类','a1'),('81bc6dcf172448859a190fa7a721134d','沐浴露','沐浴露','a0'),('86cafcda1bda49749290ce285ac937ae','书籍类','书籍类','a0'),('8ae896b332c34309951390f9d923bec6','手机配件','手机配件','a0'),('8e5ed83e9fec45fb8ac7ab18f65a184d','洗发水','洗发','a2'),('95a3946f4be247ecab2979ae90833a76','护发系列','护发系列','a1'),('b14aedc5176e4702b9028c04dba59ee0','水果','水果类','a0'),('b499f5ac529144c6afbc4093fdb07bba','衣服','冬装','a0'),('bbd94880bdd945abad31d959a407a673','厨房用品','厨房用品','a0'),('bc8bd5c4267640609726eac0e478c317','碗碟类','碗碟类','a0'),('c2e6fba7364544108d09051524d837ef','生理用品','生理用品','a0'),('e4dfbaa282244d05872ef0f372119fcb','电子','电子','a0'),('e5a3a6efc71e4b5584700caa0cbd9d61','玩具类','玩具类','a0');

/*Table structure for table `cp_spunit` */

DROP TABLE IF EXISTS `cp_spunit`;

CREATE TABLE `cp_spunit` (
  `SPUNIT_ID` varchar(100) NOT NULL,
  `NAME` varchar(50) DEFAULT NULL COMMENT '计量单位',
  `BZ` varchar(1000) DEFAULT NULL COMMENT '备注',
  `USERNAME` varchar(100) DEFAULT NULL COMMENT '用户名',
  PRIMARY KEY (`SPUNIT_ID`)
) ENGINE=InnoDB DEFAULT CHARSET=utf8;

/*Data for the table `cp_spunit` */

insert  into `cp_spunit`(`SPUNIT_ID`,`NAME`,`BZ`,`USERNAME`) values ('1fc19e81349a407abae8ae292af9edcd','只','只','a0'),('2d8ee00d302145c7a1099aeb7c3f133d','桶','桶','a0'),('35299d88b9704ed29ccbb9c490927a61','台','台','a0'),('3b2a4738b2ec41fe86d3de4adeb3f4db','本','本','a0'),('58be0c597421478e88bc2f901362ffb7','灌','灌','a0'),('58d11361d39c42d6a231e0797e7405b1','根','根','a0'),('5ea8bfd6c91f4355a85ef38cc41d6b8d','条','条','a0'),('797709ee8a164aba94d47b45b6175ef6','捆','捆','a0'),('87e8777c1b514085a09e0f3438151b24','盒','盒','a1'),('8b6e6694cc3d4454b48cc58dfd293f3e','个','个','a0'),('90253e45fc5241cc9afb184e65ec1d23','斤','斤','a0'),('abbb90a0b5624157a0593e2326d92720','件','件','a1'),('aede67248783484da0dc6e1d5d098336','包','包','a0'),('bb44b9befb8147a98e3772629c1573d7','箱','箱','a0'),('cbee034f4c9c4c47b097ee4ee559a67d','瓶','瓶','a2'),('e1af007039f8495f88639878b7faee0d','辆','辆','a0');

/*Table structure for table `db_fhdb` */

DROP TABLE IF EXISTS `db_fhdb`;

CREATE TABLE `db_fhdb` (
  `FHDB_ID` varchar(100) NOT NULL,
  `USERNAME` varchar(50) DEFAULT NULL COMMENT '操作用户',
  `BACKUP_TIME` varchar(32) DEFAULT NULL COMMENT '备份时间',
  `TABLENAME` varchar(50) DEFAULT NULL COMMENT '表名',
  `SQLPATH` varchar(300) DEFAULT NULL COMMENT '存储位置',
  `TYPE` int(1) NOT NULL COMMENT '类型',
  `DBSIZE` varchar(10) DEFAULT NULL COMMENT '文件大小',
  `BZ` varchar(255) DEFAULT NULL COMMENT '备注',
  PRIMARY KEY (`FHDB_ID`)
) ENGINE=InnoDB DEFAULT CHARSET=utf8;

/*Data for the table `db_fhdb` */

insert  into `db_fhdb`(`FHDB_ID`,`USERNAME`,`BACKUP_TIME`,`TABLENAME`,`SQLPATH`,`TYPE`,`DBSIZE`,`BZ`) values ('1a2de8320a1f4f7188bce04768f5d2ec','admin','2018-01-13 10:41:11','整库','F:/MySQL/mysql_backup/20180113/smess_20180113104111.sql',1,'.00','admin备份全库操作'),('4439b6dc376b44518fba85137e3e2b2b','admin','2018-01-13 10:10:02','cp_goods','F:/MySQL/mysql_backup/20180113/cp_goods_20180113101001.sql',2,'.02','admin备份单表'),('512595efb033474ebeb17a0f2678a0e7','admin','2018-01-13 10:36:46','cp_goods','F:/MySQL/mysql_backup/20180113/cp_goods_20180113103645.sql',2,'.00','admin备份单表'),('58a33dcca414465683700c4a5568b851','admin','2018-01-13 10:34:46','cp_goods','F:/MySQL/mysql_backup/20180113/cp_goods_20180113103446.sql',2,'.00','admin备份单表'),('fd5e562d6c4e431a98a4f44ae849f1b5','admin','2018-01-13 10:39:10','cp_goods','F:/MySQL/mysql_backup/20180113/cp_goods_20180113103909.sql',2,'.00','admin备份单表');

/*Table structure for table `db_timingbackup` */

DROP TABLE IF EXISTS `db_timingbackup`;

CREATE TABLE `db_timingbackup` (
  `TIMINGBACKUP_ID` varchar(100) NOT NULL,
  `JOBNAME` varchar(50) DEFAULT NULL COMMENT '任务名称',
  `CREATE_TIME` varchar(32) DEFAULT NULL COMMENT '创建时间',
  `TABLENAME` varchar(50) DEFAULT NULL COMMENT '表名',
  `STATUS` int(1) NOT NULL COMMENT '类型',
  `FHTIME` varchar(30) DEFAULT NULL COMMENT '时间规则',
  `TIMEEXPLAIN` varchar(100) DEFAULT NULL COMMENT '规则说明',
  `BZ` varchar(255) DEFAULT NULL COMMENT '备注',
  PRIMARY KEY (`TIMINGBACKUP_ID`)
) ENGINE=InnoDB DEFAULT CHARSET=utf8;

/*Data for the table `db_timingbackup` */

/*Table structure for table `erp_customer` */

DROP TABLE IF EXISTS `erp_customer`;

CREATE TABLE `erp_customer` (
  `CUSTOMER_ID` varchar(100) NOT NULL,
  `NAME` varchar(100) DEFAULT NULL COMMENT '姓名',
  `AGE` varchar(10) DEFAULT NULL COMMENT '年龄',
  `PHONE` varchar(100) NOT NULL COMMENT '手机',
  `ADDRESS` varchar(1000) DEFAULT NULL COMMENT '地址',
  `QQ` int(20) NOT NULL COMMENT 'QQ',
  `WEIXIN` varchar(100) DEFAULT NULL COMMENT '微信',
  `CTIME` varchar(32) DEFAULT NULL COMMENT '建档时间',
  `MONEY` int(11) NOT NULL COMMENT '消费金额',
  `LEVEL` varchar(100) DEFAULT NULL COMMENT '级别',
  `REMARKS1` varchar(1000) DEFAULT NULL COMMENT '备注1',
  `REMARKS2` varchar(1000) DEFAULT NULL COMMENT '备注2',
  `USERNAME` varchar(100) DEFAULT NULL,
  PRIMARY KEY (`CUSTOMER_ID`)
) ENGINE=InnoDB DEFAULT CHARSET=utf8;

/*Data for the table `erp_customer` */

insert  into `erp_customer`(`CUSTOMER_ID`,`NAME`,`AGE`,`PHONE`,`ADDRESS`,`QQ`,`WEIXIN`,`CTIME`,`MONEY`,`LEVEL`,`REMARKS1`,`REMARKS2`,`USERNAME`) values ('884a84021c2d45f4b09872f226bcaaa5','葛优','55','13666666666','北京',555555,'555555','2018-01-04 23:51:20',5698,'1a1b2fbf64864e78854fe04aee748acc','脱发比较严重','说','a1'),('a16795fc5eb74d46b155791d14715a8a','张三','32','13233333333','历城区',1235689,'1235689','2018-01-04 15:11:43',610,'56d7c5a4397c42b5bc3989d6dd46eec3','脱发严重','111','a1'),('efb91a8c84dd42a09442ae6b56067b3d','王五','55','13555555555','济南',313596790,'313596790','2018-01-05 20:41:01',7030,'50141667fca64083819a37453fd27e49','中等脱发','s','a1');

/*Table structure for table `erp_customerimg` */

DROP TABLE IF EXISTS `erp_customerimg`;

CREATE TABLE `erp_customerimg` (
  `CUSTOMERIMG_ID` varchar(100) NOT NULL,
  `CDESCRIPTION` varchar(3000) DEFAULT NULL COMMENT '描述',
  `CTIME` varchar(32) DEFAULT NULL COMMENT '记录日期',
  `CUSTOMER_ID` varchar(100) DEFAULT NULL COMMENT '商户ID',
  PRIMARY KEY (`CUSTOMERIMG_ID`)
) ENGINE=InnoDB DEFAULT CHARSET=utf8;

/*Data for the table `erp_customerimg` */

insert  into `erp_customerimg`(`CUSTOMERIMG_ID`,`CDESCRIPTION`,`CTIME`,`CUSTOMER_ID`) values ('ff49180755f941cfb00b981cd0d4b9eb','<p>ddd<img src=\"/smess/plugins/ueditor/jsp/upload1/20170304/94331488563343291.jpg\" title=\"n.jpg\"/></p>','2017-03-04 01:49:05','a277421ef2524e9ab5a4492a8a7a4ac2');

/*Table structure for table `erp_intoku` */

DROP TABLE IF EXISTS `erp_intoku`;

CREATE TABLE `erp_intoku` (
  `INTOKU_ID` varchar(100) NOT NULL,
  `GOODS_ID` varchar(100) DEFAULT NULL COMMENT '商品ID',
  `INCOUNT` double(8,2) NOT NULL COMMENT '数量',
  `PRICE` double(11,2) DEFAULT NULL COMMENT '单价',
  `SPTYPE_ID` varchar(255) DEFAULT NULL,
  `ZPRICE` double(11,2) DEFAULT NULL COMMENT '总价',
  `INTIME` varchar(32) DEFAULT NULL COMMENT '入库时间',
  `BZ` varchar(255) DEFAULT NULL COMMENT '备注',
  `USERNAME` varchar(100) DEFAULT NULL COMMENT '进货者名字',
  `GOODS_NAME` varchar(100) DEFAULT NULL,
  PRIMARY KEY (`INTOKU_ID`)
) ENGINE=InnoDB DEFAULT CHARSET=utf8;

/*Data for the table `erp_intoku` */

insert  into `erp_intoku`(`INTOKU_ID`,`GOODS_ID`,`INCOUNT`,`PRICE`,`SPTYPE_ID`,`ZPRICE`,`INTIME`,`BZ`,`USERNAME`,`GOODS_NAME`) values ('00056e7dd0a54ef09e48dc809848ebb6','fd1a2d8d8d0d40ee8bf3b776e09d1f9f',50.00,6.50,'09489dd4cd9944cea3567c08dbd4851a',325.00,'2018-01-11 17:24:25','销售好','a0','白瓜'),('005b4e7c403a4ceea43fa9622ab1ef65','089b04ce3696474e8b7a20daf76069a1',50.00,12.50,'b14aedc5176e4702b9028c04dba59ee0',625.00,'2018-01-06 01:02:18','好吃','a0','西瓜'),('12712be500f44604902558c643e9ac3e','6528afa1529a4aa4a71ea472ee371602',150.00,2.50,'09489dd4cd9944cea3567c08dbd4851a',375.00,'2018-01-16 18:33:45','销量好','a0','冬瓜'),('15ccc151b116475ba3cccdba27a49efa','ba70b773598141dcab925aa6276e52ac',11.00,12.50,'b14aedc5176e4702b9028c04dba59ee0',137.50,'2018-01-06 17:29:58','好甜','a0','西瓜'),('1a825e64130849db884663bb9f75c4cf','6cc6cbba4bfd412eb172bc183739cf0a',50.00,35.00,'66e1fd886f94460f98fc7ec40a9f29e7',1750.00,'2018-01-06 11:59:07','好用','a0','立白洗衣液'),('1abcb87a5d1c47239f646e8a587ac2c0','dfc5b578109b405da6753bc93bc66855',50.00,25.00,'e4dfbaa282244d05872ef0f372119fcb',1250.00,'2018-01-16 18:46:29','实惠','a0','鼠标'),('1b17062679bd44df86d76d02c8de2b29','6b5b53f80859444cbcc3e7f2c066f6ff',50.00,5.50,'09489dd4cd9944cea3567c08dbd4851a',275.00,'2018-01-16 18:34:11','销量好','a0','南瓜'),('25a7f246d6cf4358b24c0a5993a0ed35','07bf5e078017441296149fbc057880f5',20.00,3.00,'b14aedc5176e4702b9028c04dba59ee0',60.00,'2018-01-11 17:07:01','好吃','a0','木瓜'),('3cef8beff3de488cab6a05af977a8b23','e73dca7a0caf45fe964f4782ce242d1f',50.00,2.50,'09489dd4cd9944cea3567c08dbd4851a',125.00,'2018-01-11 16:36:33','大只','a0','冬瓜'),('44ae1ab3e006499dbf567ec68f897eda','5afe254a75f64c54a3db462d4254bd5d',50.00,12.00,'b14aedc5176e4702b9028c04dba59ee0',600.00,'2018-01-11 16:59:18','香','a0','椰子'),('4e75c482375345c38c022eafc48ebbb6','fd1528870f1a40d7b10ad26ac2d8c1a8',50.00,100.00,'e4dfbaa282244d05872ef0f372119fcb',5000.00,'2018-01-16 18:51:57','好东西','a0','键盘'),('50b2966dc5df4b8890165da94eb730d8','04a06f0cd2954009b94d0d1aa60c58c7',50.00,2.50,'b14aedc5176e4702b9028c04dba59ee0',125.00,'2018-01-11 17:09:59','香甜','a0','香瓜'),('54becbb49c734964898813addc004d73','7635a8b1be334a5fab266c715aa6a685',15.00,12.50,'b14aedc5176e4702b9028c04dba59ee0',187.50,'2018-01-08 09:14:05','好吃','a0','西瓜'),('578cf5f5d7384c6a8a2428c316f9f567','817a7d0aa4994412b0642154f7be2f46',50.00,5.00,'b14aedc5176e4702b9028c04dba59ee0',250.00,'2018-01-16 18:34:36','销量好','a0','椰子'),('66d7d1898a7d4142b8934a5db6c5d60c','cd5461ca68f6464f84fe961f61457e3c',105.50,18.00,'4b185d838c704248b5f8f928d96fc32e',1899.00,'2018-01-08 09:15:23','进口','a0','牛肉'),('6a4955e94949474bae2c76d5324a9e17','5d38e6a2fca348319797998587def838',50.00,12.00,'09489dd4cd9944cea3567c08dbd4851a',600.00,'2018-01-11 17:26:16','好吃','a0','黄瓜'),('6c6a6f462aaf42f2881b0f25a197a17d','86b28c0c932c4528b06324d680ffbd77',20.00,299.00,'',5980.00,'2018-01-07 00:41:50','家庭用品','a0','电磁炉'),('6e5087317e0a4605ad2485a79fd518df','2e05d0a252284a5383c8837c6e162a52',50.00,23.00,'b499f5ac529144c6afbc4093fdb07bba',1150.00,'2018-01-07 00:32:54','夏装','a0','T-shirt'),('7edb8be1bbf2488a9cfa527e967acbc1','0ca77ec0726b4581aee187d2b36585a6',50.00,5.50,'09489dd4cd9944cea3567c08dbd4851a',275.00,'2018-01-11 16:43:29','好大只','a0','南瓜'),('823ec83f078946cab26cf04983f67864','69342a8fa61b4c348995588b973220f7',11.00,25.00,'b499f5ac529144c6afbc4093fdb07bba',275.00,'2018-01-06 17:52:05','销量不错','a0','衬衫'),('95ddca3c5b6349fb9aef84566ebeea58','101faa0c7fe54720980d7b1478cd2095',11.00,25.00,'b499f5ac529144c6afbc4093fdb07bba',275.00,'2018-01-06 17:46:15','销量好','a0','衬衫'),('9f63003eb3dc4c62bf1603176e97b46a','cd3ab6c59c0b4a3ca00cb26fd18ce291',100.00,1.50,'b14aedc5176e4702b9028c04dba59ee0',150.00,'2018-01-12 14:49:13','好吃','a0','香蕉'),('bdf3f4f91c004e11aa4ea6afaf7ded0e','121b67dbef0a49f8955a10939dfa837c',32.00,35.00,'66e1fd886f94460f98fc7ec40a9f29e7',1120.00,'2018-01-06 17:23:54','好用','a0','立白洗衣液'),('c2e8f46862554025995994549a120456','fd60b89641e44346b28ad2e98ebb88be',50.00,98.00,'b499f5ac529144c6afbc4093fdb07bba',4900.00,'2018-01-06 17:38:14','新品','a0','毛衣'),('d1aea70951114eb3950a6066dc4ced3e','adfd62b9bcde4474b826f92ce64f518d',88.00,66.00,'8e5ed83e9fec45fb8ac7ab18f65a184d',5808.00,'2017-11-09 11:12:28','进货','a1','蒙发护洗发水'),('d50e2cfde1fc424c9052bde900cf3182','a13d6cbf3a3e4b69ab47c72dfd9f5bf2',50.00,12.50,'b14aedc5176e4702b9028c04dba59ee0',625.00,'2018-01-07 00:41:15','销量好','a0','西瓜'),('de06f728e9724468bbfc42e5ffd0508f','67dd453624c94ff1997ad2ebb1066ffa',33.00,12.50,'b14aedc5176e4702b9028c04dba59ee0',412.50,'2018-01-06 17:28:26','好甜','a0','西瓜'),('e48348dd1171456e80a3a1adbf5d7bbd','d1b2cf0d2ad54029ad1d6c0ed615b6c9',50.00,2.50,'b14aedc5176e4702b9028c04dba59ee0',125.00,'2018-01-06 11:58:30','好吃啊','a0','橙子'),('f417aa9ff8734b42930220fe5cef8f0d','3cf23cc7902f4c0294cf94ecf98fe318',50.00,25.00,'b499f5ac529144c6afbc4093fdb07bba',1250.00,'2018-01-06 17:42:10','质量不错','a0','衬衫'),('f4c806a3461a4b8b9a152420176c1c2d','284e2238d7fc4bd481c6324fc4c160cf',100.00,86.00,'95a3946f4be247ecab2979ae90833a76',8600.00,'2017-11-09 11:13:07','进货','a0','蒙发护发膏'),('f73881572279482ba381f460a6b7e021','39cfc42f1d5e4dbfad110fa135b39271',11.00,25.00,'b499f5ac529144c6afbc4093fdb07bba',275.00,'2018-01-06 17:49:29','销量不错','a0','衬衫');

/*Table structure for table `erp_kucun` */

DROP TABLE IF EXISTS `erp_kucun`;

CREATE TABLE `erp_kucun` (
  `KUCUN_ID` varchar(100) NOT NULL,
  `GOODS_ID` varchar(100) DEFAULT NULL COMMENT '商品ID',
  `ZCOUNT` double(8,2) NOT NULL COMMENT '数量',
  `PRICE` double(11,2) DEFAULT NULL COMMENT '单价',
  `ZPRICE` double(11,2) DEFAULT NULL COMMENT '总价',
  `GOODS_NAME` varchar(100) DEFAULT NULL COMMENT '商品名',
  `SPTYPE_ID` varchar(255) DEFAULT NULL COMMENT '商品类别',
  `SPBRAND_ID` varchar(255) DEFAULT NULL,
  `SPUNIT_ID` varchar(255) DEFAULT NULL,
  PRIMARY KEY (`KUCUN_ID`)
) ENGINE=InnoDB DEFAULT CHARSET=utf8;

/*Data for the table `erp_kucun` */

insert  into `erp_kucun`(`KUCUN_ID`,`GOODS_ID`,`ZCOUNT`,`PRICE`,`ZPRICE`,`GOODS_NAME`,`SPTYPE_ID`,`SPBRAND_ID`,`SPUNIT_ID`) values ('13a50b31d03048028127811b41745c8a','cd5461ca68f6464f84fe961f61457e3c',40.00,18.00,720.00,'牛肉','4b185d838c704248b5f8f928d96fc32e','d2a2381289c0491eaba2a4fb9683b0eb','90253e45fc5241cc9afb184e65ec1d23'),('3d86d471018d47a98656a73b006d63ac','dfc5b578109b405da6753bc93bc66855',30.00,25.00,750.00,'鼠标','e4dfbaa282244d05872ef0f372119fcb','38194aaf7ae746099c66bd032f948fd5','1fc19e81349a407abae8ae292af9edcd'),('4ccb299d176c42ffbaed377af7b799d3','a13d6cbf3a3e4b69ab47c72dfd9f5bf2',25.00,12.50,312.50,'西瓜','b14aedc5176e4702b9028c04dba59ee0','3349c52933d84ee8ac9e50ec316c0591','1fc19e81349a407abae8ae292af9edcd'),('52b9a83ca7f44c8f9e9fb8d4e4b817b4','fd1528870f1a40d7b10ad26ac2d8c1a8',20.00,100.00,2000.00,'键盘','e4dfbaa282244d05872ef0f372119fcb','38194aaf7ae746099c66bd032f948fd5','1fc19e81349a407abae8ae292af9edcd'),('8325e51effd9428389c661f54dcb7509','6b5b53f80859444cbcc3e7f2c066f6ff',40.00,5.50,220.00,'南瓜','09489dd4cd9944cea3567c08dbd4851a','326e7c0063eb48a1b6f8174d90d35cee','90253e45fc5241cc9afb184e65ec1d23'),('a3e7276118a549b3a72641665a35b820','817a7d0aa4994412b0642154f7be2f46',40.00,5.00,200.00,'椰子','b14aedc5176e4702b9028c04dba59ee0','38194aaf7ae746099c66bd032f948fd5','1fc19e81349a407abae8ae292af9edcd'),('ae405f5b48b94f51bc3c2e47ec2d3b24','86b28c0c932c4528b06324d680ffbd77',14.00,299.00,4186.00,'电磁炉','4f9e0ae21c114961b6a3b5d762e43453','38194aaf7ae746099c66bd032f948fd5','35299d88b9704ed29ccbb9c490927a61'),('d1aea70951114eb3950a6066dc4ced3e','adfd62b9bcde4474b826f92ce64f518d',55.00,66.00,3630.00,'蒙发护洗发水','80c376c418014643aa1a77e2462ce704','b2c38d9209064cf8967416f2b45d2301','87e8777c1b514085a09e0f3438151b24'),('d8571610040f4ec4ac120b3efba73bac','cd3ab6c59c0b4a3ca00cb26fd18ce291',100.00,1.50,150.00,'香蕉','b14aedc5176e4702b9028c04dba59ee0','3349c52933d84ee8ac9e50ec316c0591','90253e45fc5241cc9afb184e65ec1d23'),('d8b83f0d1b24494d983885ee3b20c9fe','6528afa1529a4aa4a71ea472ee371602',85.00,3.50,297.50,'冬瓜','09489dd4cd9944cea3567c08dbd4851a','326e7c0063eb48a1b6f8174d90d35cee','90253e45fc5241cc9afb184e65ec1d23'),('f4c806a3461a4b8b9a152420176c1c2d','284e2238d7fc4bd481c6324fc4c160cf',154.00,86.00,13244.00,'蒙发护发膏','80c376c418014643aa1a77e2462ce704','b2c38d9209064cf8967416f2b45d2301','cbee034f4c9c4c47b097ee4ee559a67d');

/*Table structure for table `erp_level` */

DROP TABLE IF EXISTS `erp_level`;

CREATE TABLE `erp_level` (
  `LEVEL_ID` varchar(100) NOT NULL,
  `TITLE` varchar(100) DEFAULT NULL COMMENT '级别',
  `USERNAME` varchar(100) DEFAULT NULL,
  PRIMARY KEY (`LEVEL_ID`)
) ENGINE=InnoDB DEFAULT CHARSET=utf8;

/*Data for the table `erp_level` */

insert  into `erp_level`(`LEVEL_ID`,`TITLE`,`USERNAME`) values ('1a1b2fbf64864e78854fe04aee748acc','大客户','a2'),('50141667fca64083819a37453fd27e49','重要客户','a1'),('56d7c5a4397c42b5bc3989d6dd46eec3','潜在客户','a1'),('bcdbb5af953f4472915a2644d42f2ce9','流动客户','a1');

/*Table structure for table `erp_outku` */

DROP TABLE IF EXISTS `erp_outku`;

CREATE TABLE `erp_outku` (
  `OUTKU_ID` varchar(100) NOT NULL,
  `GOODS_ID` varchar(100) DEFAULT NULL COMMENT '商品ID',
  `OUTCOUNT` double(8,2) NOT NULL COMMENT '数量',
  `OUTPRICE` double(11,2) NOT NULL COMMENT '单价',
  `ZPRICE` double(11,2) DEFAULT NULL COMMENT '总价',
  `OUTTIME` varchar(32) DEFAULT NULL COMMENT '出库时间',
  `GOODS_NAME` varchar(255) DEFAULT NULL COMMENT '商品名称',
  `USERNAME` varchar(100) DEFAULT NULL COMMENT '用户名',
  `BZ` text,
  `CUSTOMER_ID` varchar(100) DEFAULT NULL,
  `CUSTOMER_NAME` varchar(100) DEFAULT NULL,
  `ORDER_NUMBER` varchar(32) DEFAULT NULL,
  PRIMARY KEY (`OUTKU_ID`)
) ENGINE=InnoDB DEFAULT CHARSET=utf8;

/*Data for the table `erp_outku` */

insert  into `erp_outku`(`OUTKU_ID`,`GOODS_ID`,`OUTCOUNT`,`OUTPRICE`,`ZPRICE`,`OUTTIME`,`GOODS_NAME`,`USERNAME`,`BZ`,`CUSTOMER_ID`,`CUSTOMER_NAME`,`ORDER_NUMBER`) values ('0bc7839fb8404b42a5209001ae74ad8e','a13d6cbf3a3e4b69ab47c72dfd9f5bf2',10.00,15.00,150.00,'2018-01-16 17:23:06','西瓜','a1','好吃','efb91a8c84dd42a09442ae6b56067b3d','王五','D20180116172306511237'),('15a0cb7cbee145fea293963cc7e0255f','f0eb6f8cbebc453da88a8c2e1625c9f3',50.00,50.00,2500.00,'2017-11-09 11:13:46','潘婷护法乳','a0','500','efb91a8c84dd42a09442ae6b56067b3d','王五','D20180109111346390246'),('29682d8d4ac14e58ba8e733db75aea45','6528afa1529a4aa4a71ea472ee371602',20.00,5.50,110.00,'2018-01-18 00:01:51','冬瓜','a1','好大只','a16795fc5eb74d46b155791d14715a8a','张三','D20180118000151222880'),('337f0038e21444e690c87f863b12da7d','fd1528870f1a40d7b10ad26ac2d8c1a8',10.00,158.00,1580.00,'2018-01-18 00:00:12','键盘','a1','尽快发货','efb91a8c84dd42a09442ae6b56067b3d','王五','D20180118000012855821'),('3756f3f1efbf4ef78cf14313505d7431','6528afa1529a4aa4a71ea472ee371602',20.00,5.50,110.00,'2018-04-17 15:56:47','冬瓜','a1','加急','884a84021c2d45f4b09872f226bcaaa5','葛优','D20180417155647126390'),('3e8ea6d7eba94dae8b6974243152e9a2','284e2238d7fc4bd481c6324fc4c160cf',20.00,55.00,1100.00,'2018-01-05 16:44:44','蒙发护发膏','a0','大生意','a16795fc5eb74d46b155791d14715a8a','张三','D20180105164444780018'),('4972297fe53d4ed18ed346661690df1e','a13d6cbf3a3e4b69ab47c72dfd9f5bf2',10.00,15.00,150.00,'2018-01-16 17:16:33','西瓜','a1','好甜','efb91a8c84dd42a09442ae6b56067b3d','王五','D20180116171633439178'),('67d0b914ef40486a9276553bf57c12b4','adfd62b9bcde4474b826f92ce64f518d',25.00,99.00,2475.00,'2018-01-15 23:44:39','蒙发护洗发水','a1','大客户','efb91a8c84dd42a09442ae6b56067b3d','王五','D20180115234439677020'),('74ac950bd5ee4f1fa318f654b2e0bde8','284e2238d7fc4bd481c6324fc4c160cf',20.00,99.00,1980.00,'2018-01-15 23:43:16','蒙发护发膏','a1',NULL,'a16795fc5eb74d46b155791d14715a8a','张三','D20180115234316156705'),('74c997c5df6749e9a5b2567e23d5a27a','fd1528870f1a40d7b10ad26ac2d8c1a8',15.00,158.00,2370.00,'2018-01-16 19:01:02','键盘','a1','大生意','a16795fc5eb74d46b155791d14715a8a','张三','D20180116190102160785'),('7b37aec090d44940aed17d5c09a81db8','cd5461ca68f6464f84fe961f61457e3c',20.00,25.00,500.00,'2018-01-15 23:41:46','牛肉','a1',NULL,'efb91a8c84dd42a09442ae6b56067b3d','王五','D20180115234146108881'),('aa7053ff2a8848af85e4e9533c04a718','f0eb6f8cbebc453da88a8c2e1625c9f3',2.00,50.00,100.00,'2018-01-04 23:23:00','潘婷护法乳','a0','主治托福','efb91a8c84dd42a09442ae6b56067b3d','王五','D20180104232300898826'),('d72f1b57008a4a61afb7b35d207c8b53','adfd62b9bcde4474b826f92ce64f518d',50.00,99.00,4950.00,'2018-01-18 00:00:12','蒙发护洗发水','a1','大客户','efb91a8c84dd42a09442ae6b56067b3d','王五','D20180118000012693073'),('fdbbaa003b504cf3ba0ed67f375d9635','a13d6cbf3a3e4b69ab47c72dfd9f5bf2',10.00,15.00,150.00,'2018-01-16 17:19:45','西瓜','a1','好吃','efb91a8c84dd42a09442ae6b56067b3d','王五','D20180116171945530057');

/*Table structure for table `erp_remarks` */

DROP TABLE IF EXISTS `erp_remarks`;

CREATE TABLE `erp_remarks` (
  `REMARKS_ID` varchar(100) NOT NULL,
  `REMARKS` varchar(1000) DEFAULT NULL COMMENT '备注',
  `USERNAME` varchar(100) DEFAULT NULL,
  PRIMARY KEY (`REMARKS_ID`)
) ENGINE=InnoDB DEFAULT CHARSET=utf8;

/*Data for the table `erp_remarks` */

insert  into `erp_remarks`(`REMARKS_ID`,`REMARKS`,`USERNAME`) values ('295926172a884b28ad9adf454137d6eb','中等脱发','a1'),('b74fa2d77faf4aaca1f0ba64927e6335','轻微脱发','a1'),('cb070bac61cf46c3a1e2790a8483c1e1','脱发严重','a1'),('fa51fc07acb1405e9e6e3c106095d7a6','脱发比较严重','a2');

/*Table structure for table `erp_sale` */

DROP TABLE IF EXISTS `erp_sale`;

CREATE TABLE `erp_sale` (
  `SALE_ID` varchar(100) NOT NULL,
  `GOODS_ID` varchar(100) DEFAULT NULL COMMENT '商品ID',
  `SALECOUNT` int(11) NOT NULL COMMENT '数量',
  `PRICE` double(11,2) DEFAULT NULL COMMENT '单价',
  `ZPRICE` double(11,2) DEFAULT NULL COMMENT '总价',
  `SALETIME` varchar(32) DEFAULT NULL COMMENT '出库时间',
  `GOODS_NAME` varchar(255) DEFAULT NULL COMMENT '商品名称',
  `USERNAME` varchar(255) DEFAULT NULL COMMENT '结账者',
  `ZHEKOU` varchar(255) DEFAULT NULL COMMENT '折扣',
  PRIMARY KEY (`SALE_ID`)
) ENGINE=InnoDB DEFAULT CHARSET=utf8;

/*Data for the table `erp_sale` */

insert  into `erp_sale`(`SALE_ID`,`GOODS_ID`,`SALECOUNT`,`PRICE`,`ZPRICE`,`SALETIME`,`GOODS_NAME`,`USERNAME`,`ZHEKOU`) values ('1','1',1,1.00,1.00,NULL,'1','a4',NULL),('2','2',2,2.00,2.00,NULL,'2','a4',NULL);

/*Table structure for table `erp_weight` */

DROP TABLE IF EXISTS `erp_weight`;

CREATE TABLE `erp_weight` (
  `WEIGHT_ID` varchar(32) NOT NULL COMMENT '打称id',
  `GOODS_ID` varchar(32) NOT NULL COMMENT '商品id',
  `WBIANMA` varchar(32) NOT NULL COMMENT '打称编码',
  `WEIGHT` double(8,2) NOT NULL COMMENT '重量',
  `WPRICE` double(8,2) NOT NULL COMMENT '单价',
  `WZPRICE` double(8,2) NOT NULL COMMENT '总价',
  `GOODS_NAME` varchar(32) NOT NULL COMMENT '商品名称',
  `CREATEDTIME` varchar(32) DEFAULT NULL COMMENT '打称时间',
  PRIMARY KEY (`WEIGHT_ID`)
) ENGINE=InnoDB DEFAULT CHARSET=utf8;

/*Data for the table `erp_weight` */

insert  into `erp_weight`(`WEIGHT_ID`,`GOODS_ID`,`WBIANMA`,`WEIGHT`,`WPRICE`,`WZPRICE`,`GOODS_NAME`,`CREATEDTIME`) values ('1','1','000000000001',1.50,20.00,30.00,'1','2018-04-21 15:59:01');

/*Table structure for table `sys_dictionaries` */

DROP TABLE IF EXISTS `sys_dictionaries`;

CREATE TABLE `sys_dictionaries` (
  `DICTIONARIES_ID` varchar(100) NOT NULL,
  `NAME` varchar(30) DEFAULT NULL COMMENT '名称',
  `NAME_EN` varchar(50) DEFAULT NULL COMMENT '英文',
  `BIANMA` varchar(50) DEFAULT NULL COMMENT '编码',
  `ORDER_BY` int(11) NOT NULL COMMENT '排序',
  `PARENT_ID` varchar(100) DEFAULT NULL COMMENT '上级ID',
  `BZ` varchar(255) DEFAULT NULL COMMENT '备注',
  `TBSNAME` varchar(100) DEFAULT NULL COMMENT '排查表',
  PRIMARY KEY (`DICTIONARIES_ID`)
) ENGINE=InnoDB DEFAULT CHARSET=utf8;

/*Data for the table `sys_dictionaries` */

insert  into `sys_dictionaries`(`DICTIONARIES_ID`,`NAME`,`NAME_EN`,`BIANMA`,`ORDER_BY`,`PARENT_ID`,`BZ`,`TBSNAME`) values ('0193ffbfae1e49e0b7810546cada316a','济南','JiNan','0030301',1,'10f46a521ea0471f8d71ee75ac3b5f3a','济南',''),('096e4ec8986149d994b09e604504e38d','黄浦区','huangpu','0030201',1,'f1ea30ddef1340609c35c88fb2919bee','黄埔',''),('10f46a521ea0471f8d71ee75ac3b5f3a','山东','ShanDong','00303',3,'be4a8c5182c744d28282a5345783a77f','山东省',''),('12a62a3e5bed44bba0412b7e6b733c93','北京','beijing','00301',1,'be4a8c5182c744d28282a5345783a77f','北京',''),('507fa87a49104c7c8cdb52fdb297da12','宣武区','xuanwuqu','0030101',1,'12a62a3e5bed44bba0412b7e6b733c93','宣武区',''),('66f1ff79b13947da98525aff7380ef50','高新区','gaoxinqu','003030101',1,'0193ffbfae1e49e0b7810546cada316a','高新区',''),('8994f5995f474e2dba6cfbcdfe5ea07a','语文','yuwen','00201',1,'fce20eb06d7b4b4d8f200eda623f725c','语文',''),('8ea7c44af25f48b993a14f791c8d689f','分类','fenlei','001',1,'0','分类',''),('be4a8c5182c744d28282a5345783a77f','地区','diqu','003',3,'0','地区',''),('d428594b0494476aa7338d9061e23ae3','红色','red','00101',1,'8ea7c44af25f48b993a14f791c8d689f','红色',''),('de9afadfbed0428fa343704d6acce2c4','绿色','green','00102',2,'8ea7c44af25f48b993a14f791c8d689f','绿色',''),('f1ea30ddef1340609c35c88fb2919bee','上海','shanghai','00302',2,'be4a8c5182c744d28282a5345783a77f','上海',''),('fce20eb06d7b4b4d8f200eda623f725c','课程','kecheng','002',2,'0','课程','');

/*Table structure for table `sys_fhbutton` */

DROP TABLE IF EXISTS `sys_fhbutton`;

CREATE TABLE `sys_fhbutton` (
  `FHBUTTON_ID` varchar(100) NOT NULL,
  `NAME` varchar(30) DEFAULT NULL COMMENT '名称',
  `QX_NAME` varchar(50) DEFAULT NULL COMMENT '权限标识',
  `BZ` varchar(255) DEFAULT NULL COMMENT '备注',
  PRIMARY KEY (`FHBUTTON_ID`)
) ENGINE=InnoDB DEFAULT CHARSET=utf8;

/*Data for the table `sys_fhbutton` */

insert  into `sys_fhbutton`(`FHBUTTON_ID`,`NAME`,`QX_NAME`,`BZ`) values ('3542adfbda73410c976e185ffe50ad06','导出EXCEL','toExcel','导出EXCEL'),('46992ea280ba4b72b29dedb0d4bc0106','发邮件','email','发送电子邮件'),('4efa162fce8340f0bd2dcd3b11d327ec','导入EXCEL','FromExcel','导入EXCEL到系统用户'),('cc51b694d5344d28a9aa13c84b7166cd','发短信','sms','发送短信'),('da7fd386de0b49ce809984f5919022b8','站内信','FHSMS','发送站内信');

/*Table structure for table `sys_fhlog` */

DROP TABLE IF EXISTS `sys_fhlog`;

CREATE TABLE `sys_fhlog` (
  `FHLOG_ID` varchar(100) NOT NULL,
  `USERNAME` varchar(100) DEFAULT NULL COMMENT '用户名',
  `CZTIME` varchar(32) DEFAULT NULL COMMENT '操作时间',
  `CONTENT` varchar(255) DEFAULT NULL COMMENT '事件',
  PRIMARY KEY (`FHLOG_ID`)
) ENGINE=InnoDB DEFAULT CHARSET=utf8;

/*Data for the table `sys_fhlog` */

insert  into `sys_fhlog`(`FHLOG_ID`,`USERNAME`,`CZTIME`,`CONTENT`) values ('00084fe4cfcb4831b40f59dafe43f196','admin','2018-01-04 16:32:29','登录系统'),('0030459d50334a4592d029fba4e2daa6','a0','2018-04-03 19:31:43','登录系统'),('00e4a76e6b6b40d6a786d38f190f4a55','a1','2018-01-16 09:07:19','登录系统'),('00ff1bc95a594fc8b37423eb1e5cfbbe','a0','2018-01-08 10:22:50','登录系统'),('01088aefbec94ae887a60b7d81123a62','a1','2018-01-04 09:56:33','登录系统'),('011c5da3fe6d40c987df4da30a37eb8e','admin','2018-01-04 11:40:13','登录系统'),('014a2f1f28c14ddc8817e1bc7041a9bb','a2','2018-01-16 14:43:06','登录系统'),('0151215fe979412b9744138c6b30ecf2','a0','2018-01-05 16:16:14','登录系统'),('0198f9b9120e4bd794bb762b9f56a127','a1','2018-01-16 17:03:25','登录系统'),('022a943e1a13465b88b68ef7b194cf93','a0','2018-01-08 14:42:55','登录系统'),('02c73a00f02242f6b086d4dce4c12f10','admin','2018-01-04 23:16:55','修改add_qx权限，角色ID为:68f8e4a39efe47c7bb869e9d15ab925d'),('02ecd19ed2514a4a95680243842d5ede','a1','2018-01-08 19:46:59','登录系统'),('036e78754e634de4bed09bd736bcbe3c','a1','2018-01-17 09:32:31','登录系统'),('03ca7565324044a4bf00ecf861613de2','a1','2018-04-02 14:29:00','登录系统'),('03f82bedc1b14c1c9c097e4800e2684d','admin','2018-01-11 10:11:32','登录系统'),('04c74ff583e3417e8402d77722428c96','a1','2018-01-13 20:05:27','登录系统'),('04cf94b013d24c4ebb6c184667bb9ea9','a0','2018-01-06 11:31:44','修改角色菜单权限，角色ID为:3264c8e83d0248bb9e3ea6195b4c0216'),('0621e3b6b8da4f55a0693d976d9e7137','admin','2018-02-03 23:47:31','修改del_qx权限，角色ID为:68f8e4a39efe47c7bb869e9d15ab925d'),('073ad07851304e6d8db26ef66370c1ee','a2','2018-01-16 17:24:59','登录系统'),('07ef012837ff40f4b7572f7355a4fd8a','a1','2018-01-16 17:22:05','登录系统'),('081a85a26eef45778e20387a8893c0b5','a0','2018-01-08 16:29:20','登录系统'),('087ee36fb2914897bfcf5facd9c124c8','a0','2018-01-06 09:46:43','登录系统'),('095018b446364da09cec84d77e054282','a1','2018-01-17 16:07:40','登录系统'),('09cbb5c7c5974d4bb9ec17f822a9b284','a1','2018-01-04 10:42:52','登录系统'),('09e374a4c0884336ad6ba52c29da0dd5','a0','2018-01-16 20:10:05','登录系统'),('0a33233b880d4144ad8bf79a60afac44','a0','2018-01-06 14:48:33','登录系统'),('0a38c0264fc34da99ee8e3f10c94f23e','admin','2018-04-03 19:27:07','登录系统'),('0a3fc30a0b8a48bd889cb5d306bd428b','a0','2018-04-03 19:16:16','登录系统'),('0a5851c061704ce08d5380eb8060da4e','admin','2018-02-03 23:47:47','修改add_qx权限，角色ID为:53bd1c5cb4c14dd0b7b2b6a8a10adecf'),('0a718f28aba547b9915cd6c4171459dc','a1','2018-01-06 09:25:54','登录系统'),('0a98991f1c6d4bb48cc7fcc12a1189a7','a0','2018-01-16 18:32:37','登录系统'),('0a9ef0566fbc452a922d41d9b3d4ae84','admin','2018-01-05 23:01:22','修改add_qx权限，角色ID为:3264c8e83d0248bb9e3ea6195b4c0216'),('0c130e0cf51c4d48be0d4e05eaf6907b','a0','2018-04-16 13:18:53','登录系统'),('0c6b6be91a004ef9ae15a5be4a83fe63','a2','2018-01-16 19:58:00','登录系统'),('0c7afb9e560c4f77a8d563fe9df70109','admin','2018-01-07 12:58:24','修改del_qx权限，角色ID为:68f8e4a39efe47c7bb869e9d15ab925d'),('0ca0b71ac2f24fb1be333b2be3da7a5f','admin','2018-04-14 12:07:09','修改角色菜单权限，角色ID为:8e1c44c8202c4bb089a40230fa07e9c0'),('0d41991ac030430c8079a6a133b3e664','admin','2018-02-03 23:46:06','修改菜单前台销售'),('0d42a43c36954b88a148dad7e2c9bfed','a1','2018-01-16 17:19:02','登录系统'),('0d70eed436994d48b290ef64edb1196f','a1','2018-01-06 09:35:35','登录系统'),('0e84736e1195455880e9266d54395ada','admin','2018-01-07 12:55:09','修改角色菜单权限，角色ID为:68f8e4a39efe47c7bb869e9d15ab925d'),('0f24fd91d80c4905a9269b97d2260e5b','a1','2018-01-15 15:45:27','登录系统'),('0f5d68b2fbdb4156858d3bfd5c8f4ea4','a0','2018-01-06 11:57:47','退出'),('0fb20ac2bff04632ac887462cf6faa44','a0','2018-01-06 20:35:50','登录系统'),('1013d8ec0c224277a355f0fbccf25250','a0','2018-01-05 19:48:30','登录系统'),('1064e57eaad44beb9b33fbe8ed3ef22a','a4','2018-04-18 17:05:25','登录系统'),('106522265efc49ad9ee7dc08720f2268','admin','2018-01-06 00:26:10','删除系统用户：{USER_ID=5361df6f67404c25b4a8b6f7d2f3e58c, tm=1515169570066}'),('111405a593da40208d169cfd9da70b46','a1','2018-01-04 11:50:19','登录系统'),('113594723a7d4e3281a72b0005252056','a0','2018-04-18 15:00:43','登录系统'),('11ce8590f4e542bcbfca00605c5ba89c','a1','2018-01-06 09:40:40','登录系统'),('11f121bc5c3c4ac694d8dc484dfb11ce','a2','2018-01-16 15:25:23','登录系统'),('1317f51c32e04df98f00977809b387fe','admin','2018-01-04 23:17:31','退出'),('13421e1471a54a2f908701846d3b2c00','a1','2018-01-15 23:40:59','登录系统'),('13bc287e6f8c40939b457f2e9789a5c2','a1','2018-01-16 11:27:37','登录系统'),('13e5faa8438d4b2bbf19a6f046e10211','a1','2018-01-16 14:06:33','登录系统'),('13ee9525b05740bb98717cfc8df61368','admin','2018-01-04 23:14:06','修改角色菜单权限，角色ID为:3264c8e83d0248bb9e3ea6195b4c0216'),('148b51f91ec5486491e77168204eddf1','a0','2018-01-08 16:37:06','登录系统'),('14966cb6f8c74691981c16537805aa67','admin','2018-01-13 09:47:41','登录系统'),('14a710e589d14dfb92e104304f478a75','a0','2018-01-08 14:49:44','登录系统'),('1570260e9a9f45199e4ba1773e9969bc','a0','2018-01-06 16:41:27','登录系统'),('166d27989b114195b5d3e99dd46c8cc0','a2','2018-01-13 16:07:03','登录系统'),('1670d9703cef4a6ab6d4875fdf51ec79','a1','2018-01-15 22:42:44','登录系统'),('16e9916a79484704a0075d7bc41a1a15','a4','2018-01-04 19:30:37','登录系统'),('1700f933e97c41a2a0f72ffa0bb82a01','a0','2018-01-08 08:59:09','登录系统'),('170624acb549473fa48481e46e167d1b','a1','2018-01-13 20:08:59','登录系统'),('170d65ea86fe4c28a5f3c533a8059c82','a2','2018-01-13 11:07:07','登录系统'),('1730051b8d344ae9a3728d60849a64b1','a1','2018-01-15 14:19:57','登录系统'),('17a81c007bd14a58b367b184d3c6e8a4','a0','2018-01-05 20:05:17','登录系统'),('17ecb9c8084b40ddbe7e417fb673f86e','admin','2018-01-13 09:42:19','登录系统'),('1892569d3cd04a90a04cbe9e4f7ddb9b','admin','2018-01-04 16:59:59','登录系统'),('1a9283ede11843f7bf07fda383da68c8','a1','2018-01-16 14:36:32','退出'),('1aa729c03c8c4e5aa2c365dd87c72f99','admin','2018-01-04 19:12:23','登录系统密码或用户名错误'),('1b5c8dfbc2d748b7a5d10542114ff4f7','admin','2018-01-11 09:24:36','登录系统'),('1b8fde1cd0794b2a949dbe474b71155f','a0','2018-01-05 19:50:23','登录系统'),('1c2a82897e124f73ac8d49f9b0571648','admin','2018-01-11 20:24:56','登录系统'),('1c2c3860ac454fc69550574de7cd7c1e','a0','2018-04-03 19:13:22','登录系统'),('1cd0518030d344328916c4afde2ca4e0','a0','2018-01-08 08:54:03','登录系统'),('1cff2f73cde644e3bb80d5b7fe098a72','a0','2018-01-05 23:25:02','登录系统'),('1daf360c520d4e1ea20badcb0e5a7dfe','a0','2018-01-17 16:06:24','登录系统'),('1df9f3dc886141e881d4ef2d350a232d','admin','2018-01-04 17:22:38','退出'),('1e694c38dd5d4e7f951570f20a301526','admin','2018-01-10 20:01:09','登录系统'),('1ea4463e4afa4004b7305463495dec78','a1','2018-01-13 23:40:47','登录系统'),('1f09fa2d27b94900a2b3c84c36d537c5','admin','2018-01-05 16:16:52','登录系统'),('1f2487930f504eb9af31d8ebb477e1a0','a0','2018-01-06 10:53:31','登录系统'),('1f9a8a6d1ed04873b7df5faa352a6a85','admin','2018-01-10 19:40:05','登录系统'),('1fd65be631784dfa807f7c16177b0040','a3','2018-01-04 19:27:33','登录系统'),('20a4e7e598ba4edabd45bac2b94c5d13','admin','2018-01-06 00:43:12','退出'),('210d0252c637490e8a10fd0438542ebb','admin','2018-01-10 20:30:15','登录系统'),('2140ec272c1c4ca69e88be13ced494b1','a4','2018-04-18 15:37:20','登录系统'),('2283fd772ae244fb810d6e86122444d8','a1','2018-01-05 15:41:40','修改角色菜单权限，角色ID为:3264c8e83d0248bb9e3ea6195b4c0216'),('22ca26beffd1411db19687c0f9ea55fa','a0','2018-01-06 14:42:53','登录系统'),('23055418e0844680bf72c1be1756149b','admin','2018-01-11 09:41:49','登录系统'),('2327bf489b9b4999a4e5a596ae4c3193','a0','2018-01-04 16:32:46','登录系统'),('23c4f27564f847af8233de2daabb1d9a','a0','2018-01-04 16:52:44','登录系统'),('242fbcca43994bd3a7bc8fbcf14ceb1b','a2','2018-01-07 14:43:12','登录系统'),('2430becb62324c818243c5921c3b15d2','admin','2018-01-04 17:22:33','登录系统'),('244667df9cb24af89722e084b5af5185','a1','2018-01-14 00:44:00','登录系统'),('244d1adc56d348419babd817909e0149','a0','2018-01-07 20:28:31','登录系统'),('2513251513384eaf81fea545f8e08cd8','admin','2018-01-07 12:54:04','修改del_qx权限，角色ID为:68f8e4a39efe47c7bb869e9d15ab925d'),('254e969709a042d0a30193af56ccc175','a2','2018-01-16 18:41:38','登录系统'),('25a547fcb6944873a3c93807e28af5d2','a4','2018-04-19 16:02:46','登录系统'),('25baf2065af6480ba3c481e32ee8fc18','admin','2018-01-04 11:51:34','登录系统'),('25c11c3897654debadd7a156909d19c6','admin','2018-01-04 17:03:19','登录系统'),('25fa0ed48ac940cb93dddafce45e56a8','admin','2018-01-12 19:10:27','登录系统'),('261b53ffca3540b2b4e07ca38725faeb','a1','2018-01-13 23:24:51','登录系统'),('265e6f2600bc48b38d5a05ba105a2671','a1','2018-01-16 09:00:01','登录系统'),('26ce4aaad33544a5a04983cb55fbd4a3','a0','2018-01-08 14:15:06','登录系统'),('27281463710343688e10931dd1ab849d','a0','2018-01-08 20:29:00','登录系统'),('273635e2f9064e5abc0dded07b406d78','a4','2018-04-18 17:19:35','登录系统'),('27e002c727eb4e71b5e99cd925fde355','a0','2018-01-08 00:32:46','登录系统'),('28071434e939421fb81d0096955cf04c','a0','2018-01-06 11:59:48','修改del_qx权限，角色ID为:3264c8e83d0248bb9e3ea6195b4c0216'),('280fa98a643b43298fcea434c9ab487b','admin','2018-02-03 23:12:17','修改角色:货架管理员'),('29137a24fafa41f39d04b432ad2b819b','a0','2018-01-06 16:36:18','登录系统'),('29c6ff596a34487380e95f373d9d9ec7','a0','2018-01-05 20:16:06','登录系统'),('2a833c500611464fa0466b3cff7608e6','a0','2018-01-06 15:34:09','登录系统'),('2ac94acd1cd54fe494842907d20fa8c6','a2','2018-01-14 00:46:01','登录系统'),('2ad7711a881e44afb52f33414a516eeb','a0','2018-01-06 11:31:27','登录系统'),('2aecd6ded3ea462da5514ff2b8a97d20','a0','2018-01-06 15:08:42','登录系统'),('2be21317528843169d87814a3255cd2a','a1','2018-01-15 17:05:48','登录系统'),('2c836412bd674daf946672c08b39838a','a0','2018-01-08 14:45:37','登录系统'),('2d7d8734aec049659bbac30c1aedca28','admin','2018-01-04 14:37:26','退出'),('2e0592fac5a7439ca539cc63dd5dc820','a2','2018-04-14 11:56:58','登录系统'),('2e0d05f42e2f4b568ca850eb2f86d9a9','a0','2018-01-06 10:32:11','登录系统'),('2e2ae57734ef4f579897dc4fbcdf86bc','admin','2018-01-10 20:08:56','登录系统'),('2f0ce0af323e415f9e6941ed533e77fc','admin','2018-01-04 16:52:22','登录系统'),('2f80af9d51af4af6a02084770320e5da','admin','2018-01-04 10:48:15','登录系统'),('2f8c56f2425d43babaedb9a0ad3116f4','admin','2018-01-07 01:28:02','登录系统'),('2fa77644068a422eb2b4d4cd8864498b','admin','2018-02-03 23:28:51','登录系统'),('2facfc328673437aa0f4ee87fc921372','a1','2018-01-15 20:29:03','登录系统'),('2fbe671cdce54c2089893282da5a8f1e','a2','2018-01-16 15:26:59','登录系统'),('3052417be36f4ab29320c2ec3d41f45e','a4','2018-04-18 15:26:49','登录系统'),('305b1b7ac649450185858685436b4806','a0','2018-01-06 11:39:33','修改add_qx权限，角色ID为:3264c8e83d0248bb9e3ea6195b4c0216'),('3081a9fdec92472a935c30132a040c02','a0','2018-01-05 23:23:08','登录系统'),('30aa5df7cf794c9eb80052b7019e897b','admin','2018-01-06 09:42:58','修改cha_qx权限，角色ID为:68f8e4a39efe47c7bb869e9d15ab925d'),('3156b04439654a8eb3ee81ae02b1a7f0','a1','2018-04-02 14:34:05','退出'),('3163e3ab1c1243f28e5391931ffbe662','admin','2018-01-05 23:01:58','修改edit_qx权限，角色ID为:3264c8e83d0248bb9e3ea6195b4c0216'),('3164134740eb499ebf85e366426a3fd1','admin','2018-01-05 16:49:46','新增角色:经理部'),('3166a56a69c04a6085f37302bb6baeb4','a1','2018-01-17 10:16:37','登录系统'),('31d2386d49e247cfa340f072f53a59bc','admin','2018-02-03 23:48:17','修改cha_qx权限，角色ID为:53bd1c5cb4c14dd0b7b2b6a8a10adecf'),('31f7b52d535f4b72ad34866d3b8a749d','a0','2018-01-04 15:26:19','登录系统'),('32bc65bb41be44e39fd489a457c5976f','a0','2018-01-08 10:39:11','登录系统'),('336af4070ead4ce2b7227ecad01f0d30','a0','2018-01-16 20:06:50','登录系统'),('337858233dc14dc7a9849fc252f12fea','a0','2018-01-11 20:18:43','登录系统'),('34b7c9b6038e4bae881e9dc463ab7560','a2','2018-01-13 16:07:22','登录系统'),('34c9e5cd08c84213a3250d4f8cbe8187','a2','2018-01-16 16:55:06','登录系统'),('352a880e2e62497392e812265ce7382b','a0','2018-01-16 16:55:27','登录系统'),('354685e208fc480588ea9d93ab1c81e4','admin','2018-01-05 23:00:49','登录系统'),('359dbeb940de48cb91057ec1f930886f','a1','2018-01-15 17:17:13','登录系统'),('35d36b9c48ce4eaea6578246bcb4ba28','admin','2018-01-04 11:49:51','登录系统'),('37283a69bbee488c89e361d63b7a9caf','admin','2018-01-04 14:37:15','退出'),('37344441ada74c05906ea5a624ee43e5','a1','2018-04-17 14:13:39','登录系统'),('375087c737724c7697c6a54753d9a64c','admin','2018-01-10 19:21:02','登录系统'),('37508880b2de4536a7b1f6c5bba67261','admin','2018-01-04 11:47:03','登录系统'),('38392ae41e93405d85ef52528b780945','a1','2018-04-17 15:55:57','登录系统'),('3854222644c84e749a08509b63fe5c9b','a1','2018-01-15 15:42:29','登录系统'),('385c5abe13ba4077a2b5be1260bdc87b','a1','2018-01-14 00:55:23','登录系统'),('3898849e84e94aa29b9e21ffe75e2cf0','a0','2018-01-08 15:33:32','登录系统'),('39d99512ae6c478496fd01ef8d969e9c','admin','2018-01-07 01:28:47','修改角色菜单权限，角色ID为:3264c8e83d0248bb9e3ea6195b4c0216'),('39e8034f4a7545d1bf20f5cb92d7db6d','a0','2018-01-08 09:35:46','登录系统'),('3a305b94adf54e8a83757f2e42012f3e','a2','2018-04-02 14:15:33','登录系统'),('3a4f9806540d482aaaf0722a4340ad9c','a0','2018-01-08 11:07:54','登录系统'),('3a9069290f9c402eaaa773273003990b','a1','2018-01-15 15:57:14','登录系统'),('3b6746b7442f434da1622504c7c0e93c','a0','2018-04-17 14:20:18','登录系统'),('3ba8f66ea90b4ecea584b95a4399437c','a1','2018-04-02 14:22:45','登录系统'),('3c1ca2310e4c4375a58268fe0ce1a514','admin','2018-04-02 14:37:19','修改系统用户：a4'),('3c1e924c9d114c30b79e7059429a9dd3','a1','2018-01-04 00:18:18','登录系统'),('3c226688abb2492ca7a8a763051afcc8','admin','2018-01-07 13:02:18','修改edit_qx权限，角色ID为:3264c8e83d0248bb9e3ea6195b4c0216'),('3c29f49805674b59a65cb41d018568ae','admin','2018-01-07 12:57:39','修改edit_qx权限，角色ID为:8e1c44c8202c4bb089a40230fa07e9c0'),('3c3603b354f14fe7b5fb564d1a839f9e','a2','2018-01-16 15:39:13','登录系统'),('3c9da8553edb4adb8cc4e2b9a3321d51','admin','2018-01-11 09:09:30','登录系统'),('3cabd8e3012d44c090f2161b498ba3a6','admin','2018-01-13 10:08:17','登录系统'),('3d3fdd5b86e046ffaf5ccc11fd958de9','a1','2018-04-14 12:01:09','登录系统'),('3da946c98d2348cdb3ffbd165f014ba2','admin','2018-01-04 16:07:58','登录系统'),('3f20315a43a941eea7e07a09a39ed4ed','a1','2018-01-15 17:20:21','登录系统'),('3f7e2f4f541a4930a0567b7893cb8154','a2','2018-01-07 20:31:00','登录系统'),('3f90e5f327b4483ca545d8ef2dae7da8','a1','2018-01-15 15:50:47','登录系统'),('3f927383d1604160a9f7f7dcbde410de','admin','2018-01-08 20:27:28','登录系统'),('3f9c06b637a54c188d021602432f68ab','a0','2018-01-11 18:41:39','登录系统'),('3fb507441cb74d5ab5b12c627933c66e','a1','2018-01-07 13:08:46','登录系统'),('3ff6c34036a24305b396a4c6f5b0f286','a1','2018-01-13 19:47:34','登录系统'),('3ff92014c0a34c93a71d29385497b232','a1','2018-01-17 09:58:39','登录系统'),('407a9b9f2975472bbbd3933f6dcd1d38','a0','2018-04-18 14:49:29','登录系统'),('407f430e318b4d84bd88c4a8d2f58433','admin','2018-01-04 18:46:49','登录系统'),('416bd41f11b24501b55ec5fac9b947c7','a4','2018-04-19 16:06:13','登录系统'),('419b3e84a4bd4f4796ce64e84ad374fc','a4','2018-04-18 15:29:33','登录系统'),('41d222d157934f4d911b43589d78fdd6','admin','2018-01-07 12:57:15','修改cha_qx权限，角色ID为:8e1c44c8202c4bb089a40230fa07e9c0'),('43041f95862e4a50b02eb22862cf4761','a2','2018-01-17 16:01:36','登录系统'),('431af80a972347e2b16230a096059838','admin','2018-01-04 19:09:28','登录系统密码或用户名错误'),('4362d974778f4da0b7eb57ecc77934a7','admin','2018-01-05 16:17:19','新增按钮权限pd{BUTTON_ID=cc51b694d5344d28a9aa13c84b7166cd, RB_ID=ca141ad6578d46899c3397461a00740b, ROLE_ID=3264c8e83d0248bb9e3ea6195b4c0216, guid=1515140239700}'),('43de5b940c864b5f89b1a97f6d61892d','a0','2018-01-06 11:59:57','登录系统'),('4429bd5af0584eedaf3e0968371ba11e','a4','2018-04-17 23:17:30','登录系统'),('44d1c9fecd9949dbb1f0cd32c7ca8a15','admin','2018-01-08 19:45:18','登录系统'),('451fdba4586148e197452bc155f90571','a0','2018-01-04 16:33:29','登录系统'),('4565b9aafc67436ebb355b87406352a4','a0','2018-01-06 17:27:46','登录系统'),('457ae5ab583240baa324edf7f5d89baf','a2','2018-01-04 00:17:53','登录系统'),('45de4df3a3af46cd810bf15ce027d8e4','a1','2018-01-15 16:49:29','登录系统'),('471e2ea94f844abaa80f45dbbb3834f3','a0','2018-04-17 14:23:15','登录系统'),('473806739d1046749217fabf5a35fa50','a0','2018-01-08 16:17:42','登录系统'),('4763f18aedc24c1d92f1d510a9bfec30','a0','2018-01-08 19:48:46','登录系统'),('485dd18639a84f2389d58fbf255ea60d','a1','2018-01-15 16:47:20','登录系统'),('48643bb475394158a9fd19224df691f7','a1','2018-01-15 15:05:20','登录系统'),('486fa74c366d492fb01a475e6b8ae5b9','admin','2018-01-07 13:03:03','修改角色菜单权限，角色ID为:3264c8e83d0248bb9e3ea6195b4c0216'),('4897f3b9af1b4c2fb01a073b4c0eaec4','a0','2018-01-05 16:14:21','登录系统'),('48cdfe940cbd44d7aa7195be9dad683d','admin','2018-01-04 19:09:17','登录系统密码或用户名错误'),('48d7841df4c947fb944c092b683657f4','a2','2018-01-16 15:11:01','登录系统'),('4931efeb5abd4402aae6b336e5b452dd','a0','2018-01-07 01:09:57','登录系统'),('495f1ca1b6934389a4f731167c82e634','a1','2018-01-14 01:06:52','登录系统'),('49744e18d145432f99cadd320ecae03b','a0','2018-01-11 20:25:08','登录系统'),('4979dd27724644899bb964aff60accd3','a0','2018-01-08 00:24:01','登录系统'),('498b08145a3049fabc2a17f279b49752','admin','2018-01-07 12:58:16','修改add_qx权限，角色ID为:68f8e4a39efe47c7bb869e9d15ab925d'),('49def0bd6ea0448cbd82a511db06743e','admin','2018-01-06 11:30:32','修改角色菜单权限，角色ID为:4d54e78f42d442c5a2823748250427b0'),('4a0168c0f59e4d0cb9a14b5890bdd336','admin','2018-01-07 12:59:17','修改edit_qx权限，角色ID为:68f8e4a39efe47c7bb869e9d15ab925d'),('4af556c44f05407da18c7a7e25101d38','a0','2018-01-16 19:52:16','登录系统'),('4b8fb868b2164bf79ca74fcb8478d876','a1','2018-01-16 20:25:27','登录系统'),('4b943dc33bfb4692a23aa33d2da3c4c7','a1','2018-01-15 15:12:48','登录系统'),('4bf70ec29ac84fe5b83d907eed994968','a0','2018-04-03 19:16:02','登录系统'),('4c3f0a46be204c268781f1bec4761b7e','a1','2018-01-16 09:15:25','登录系统'),('4c9994f5de4b436ab37f329783d9522b','admin','2018-04-17 14:15:23','登录系统'),('4ca07aadbe9f4acab5120a6662dda417','a1','2018-01-15 15:16:02','登录系统'),('4cac41e8cac941c8bdbe773964879376','a0','2018-01-06 11:43:36','修改del_qx权限，角色ID为:3264c8e83d0248bb9e3ea6195b4c0216'),('4ce89ccbdd834ce49a3feab0b071dfb7','a1','2018-01-16 20:24:59','登录系统'),('4d5713da69ba47a3b4981467fd6ac4c4','a0','2018-01-06 00:18:29','登录系统'),('4d5f1bdf9f034627a611744069ea9a4c','admin','2018-01-12 18:30:39','退出'),('4dc02cdbafd7443199a2eb28e96a5292','a0','2018-01-06 10:34:50','登录系统'),('4e0b11d95e3f4a55afe65530094382e4','a0','2018-01-06 20:33:30','登录系统'),('4f38699cc5f64a5cba3ae38690c80205','a0','2018-01-05 15:58:33','登录系统'),('4f7682fd22e64eb6b300209d3398bae0','a1','2018-01-15 16:05:36','登录系统'),('50a38610119f43a2b882b3289fdd2640','admin','2018-01-11 10:04:58','登录系统'),('50a6eb0d878c4c9bb7175b44deeaac48','a1','2018-04-03 19:12:02','登录系统'),('50f72e396e654b3b8d10ac3714aad103','a1','2018-01-05 15:41:13','登录系统'),('50f81a13d0584c69a581611f954ca381','a1','2018-01-15 17:10:28','登录系统'),('50f867fcefa54bedacff1e6d2334fa18','admin','2018-01-05 23:02:22','修改cha_qx权限，角色ID为:3264c8e83d0248bb9e3ea6195b4c0216'),('515df67ebf4b482097b09a494c3ec9f1','a1','2018-01-17 10:17:16','登录系统'),('519c1f49f3024f0293ce98fe9ce7c6b8','a0','2018-01-11 20:31:58','退出'),('51dcec8683c4458fbc8ea503170808c9','a1','2018-01-15 17:01:57','登录系统'),('51e186648c884f518ee8e73aa4ca134f','a1','2018-01-16 09:39:46','登录系统'),('5217260f49364e028ef9a7406ae3d533','a1','2018-01-13 17:21:41','登录系统'),('52b48f007da44f4ea6125070b9b1e961','a0','2018-01-05 16:42:26','登录系统'),('535a8a39659944c786f547bbf42971e2','admin','2018-01-04 18:47:41','登录系统'),('54abf96364a04e83b7bdf9b5a6f38854','a0','2018-04-17 14:14:33','登录系统'),('54ffd1bc68c543529f56660e0cd9e810','a0','2018-01-06 11:43:48','登录系统'),('553971ecd7df41d8a94b178c7db54560','a2','2018-04-02 14:21:17','登录系统'),('56118cca1fc644ec814122cdf478bbd7','admin','2018-01-04 19:37:00','退出'),('561bfe33d9da42389dc2ab0216866d7c','a0','2018-01-06 20:14:00','登录系统'),('57028dfdea894cec8ad35ca51612fa10','a4','2018-04-19 16:56:58','登录系统'),('57f14dd3b0124b69bac84b9bf451af00','a2','2018-01-16 19:03:34','登录系统'),('581c9dfad6094a44b1d63acfdba2482d','a4','2018-04-18 14:55:46','登录系统'),('582e0b03a2464b08802c69679ef48ce8','a2','2018-01-07 13:37:23','登录系统'),('58b22009ccda4909a3ff5a5b1e278e7b','a1','2018-01-07 20:27:51','登录系统'),('58df40ba679745b3824b85f5209192b4','admin','2018-01-11 09:39:43','登录系统'),('590f2f0613ab4c7cad505d208e991a07','a2','2018-01-04 00:18:11','退出'),('591c774092ca46e39ee7b4eeaed7ccac','admin','2018-01-06 11:30:01','登录系统'),('5968bac2802a47d18321eb878b9277f7','admin','2018-01-04 14:37:10','登录系统'),('599345e25f1643beb129c03e13760c65','a4','2018-04-17 23:14:48','登录系统'),('5a2f15016be941d8b7e42b54edd2a6a4','a2','2018-01-16 16:12:16','登录系统'),('5a7d979eeeaf47e0aa83369416ce22da','a0','2018-04-03 19:16:04','退出'),('5aa3122548fc492989106328ae1134ba','a2','2018-01-15 15:59:13','登录系统'),('5abaf39d42b84709885f2937bdec4236','a0','2018-01-08 15:30:08','登录系统'),('5ad207cf4f6f4e639c325a44f619bbdb','a0','2018-01-08 16:11:25','登录系统'),('5ae365aebe734feb8fd6fd844baea677','a0','2018-01-04 15:18:12','登录系统'),('5b5f3d0c443746bc98a328c43d65c3cf','a1','2018-01-15 14:39:33','登录系统'),('5b88bcbace9344e9b5a67dfbfe04112a','a4','2018-04-17 13:34:26','登录系统'),('5ba313816dbf462cbed624d1c84f1e58','a1','2018-01-13 20:02:32','登录系统'),('5ba7cb04d172481cb9c0fbd9e023fc3b','admin','2018-01-07 13:05:38','修改edit_qx权限，角色ID为:4d54e78f42d442c5a2823748250427b0'),('5be0dc7885e342f8a9c26eba14cda519','a0','2018-01-03 22:09:40','登录系统'),('5c2a2a2b8d904a5f898d245abc7938be','admin','2018-04-14 12:06:14','登录系统'),('5c48be9f7b134eefb663eb47f9a93d43','a0','2018-01-06 11:29:15','登录系统'),('5c9f7e767e1144c38835caf9a3c959f4','a1','2018-01-17 23:59:28','登录系统'),('5ca5d59f0e8848b88ffee101c99c0131','admin','2018-01-04 23:14:47','退出'),('5d006a39ec45453e92edc331f28dfdd2','admin','2018-01-07 13:00:22','修改角色菜单权限，角色ID为:8e1c44c8202c4bb089a40230fa07e9c0'),('5d29648e17294b2b9694360559719cc2','admin','2018-01-07 13:05:06','修改del_qx权限，角色ID为:4d54e78f42d442c5a2823748250427b0'),('5d7e184c1d564e9d88788f7edfe033b8','a1','2018-01-14 01:13:44','登录系统'),('5da80db942724812b66b1c3f126628d8','a1','2018-01-16 21:06:39','登录系统'),('5daef34ee2304590a417e2f08317078f','a1','2018-01-07 14:43:04','退出'),('5db485068b8d4ee5bf64d0786ded0494','admin','2018-01-12 11:15:02','登录系统'),('5e855e94c2ac47d8a0832419f2f9669e','a2','2018-01-13 16:12:11','登录系统'),('5f3fad96341046ef81028f3950da1785','a0','2018-01-11 21:09:31','登录系统'),('5f470f56d4e4457bbbd5f76dc91ed2c6','a1','2018-01-04 16:08:34','登录系统'),('5fc8ffc4ffb74f5ea7708bccec307d36','a2','2018-01-16 20:06:41','退出'),('604a009714264e6c85aba79ff7b98a6a','a1','2018-01-06 09:33:09','登录系统'),('60692ca80d014b0d934c1bc33910bafe','admin','2018-02-03 23:46:21','修改菜单前台销售'),('60a69f1d981442ce801cb1ad86099049','admin','2018-01-10 19:57:30','登录系统'),('60adff0f63684a09a987862ba2e73e36','admin','2018-02-03 23:47:19','修改角色菜单权限，角色ID为:68f8e4a39efe47c7bb869e9d15ab925d'),('60c8d26e1bbb401887130d0516298c47','admin','2018-01-07 12:53:28','修改add_qx权限，角色ID为:68f8e4a39efe47c7bb869e9d15ab925d'),('60d0f71207bf40baadd1eda6e504177c','admin','2018-01-07 01:28:29','修改del_qx权限，角色ID为:3264c8e83d0248bb9e3ea6195b4c0216'),('60ea6d61f1a54ac6818d47f9ec155687','a0','2018-01-08 10:26:10','登录系统'),('6130d4f0e5da4a4998d52923ea7e8834','a0','2018-01-08 08:56:53','登录系统'),('6131c759f19f40b08d0543a5836b6aca','admin','2018-01-07 12:59:05','修改角色菜单权限，角色ID为:68f8e4a39efe47c7bb869e9d15ab925d'),('613c35f355b74cc2acf9eec9b355d405','a2','2018-01-12 13:59:17','登录系统'),('61702c156af64bc79b12b1e1c41b6352','a1','2018-01-15 16:15:07','登录系统'),('61723209722a4cc28ec6ea3db1933f53','a2','2018-01-16 15:26:59','登录系统'),('61f8b7d04fea4f53ba3d8f30cc7d5e96','a0','2018-01-11 21:18:30','登录系统'),('61ff6811cac2462480f61460c08d8350','a2','2018-01-16 15:44:58','登录系统'),('6254ac8f7ff34b069dae81bc501f3ce2','a1','2018-01-07 14:42:52','登录系统'),('625af250aa584a5e86b82c7a9f850622','a1','2018-01-15 16:42:02','登录系统'),('62679ab358cc47028372e8a2b0c78ce4','a1','2018-01-07 13:10:53','登录系统'),('62b724baef1a4f7fa037e84ac143ae28','admin','2018-01-04 11:22:23','登录系统'),('62ea08b7a4c64e6f850e8f41229cdb5b','a0','2018-01-05 23:14:15','登录系统'),('635cd136ac1e4b74bfd65bdc9ab4d230','a1','2018-01-16 09:02:37','登录系统'),('6413884a99f34173b79f78dea9c887dd','admin','2018-01-04 23:05:44','登录系统'),('64a02fe699594a7fad2f8359fe0706f1','a1','2018-01-13 20:12:46','登录系统'),('64f1b678b86f4199bef199eec10e341a','a0','2018-04-14 12:05:39','登录系统'),('66739e5989994a2eb6993fd869c8d86e','a1','2018-01-05 15:52:46','退出'),('66d3122c330044009419b4a3dfe734ed','admin','2018-01-11 10:02:16','登录系统'),('671b1a3cdf354c4f8e907d0b325de7ba','admin','2018-01-05 16:49:16','修改角色:前台销售'),('675256fcd3fb44eba59366726dc848fb','a0','2018-01-06 11:59:51','退出'),('6759b2de8f904534a4523a932d390f55','a0','2018-01-06 16:43:41','登录系统'),('67d849ca3c8546029c018dfa4361602b','a1','2018-01-15 15:10:48','登录系统'),('6890c98709b942b6b6d7292aee5ad1b8','admin','2018-01-04 16:27:40','登录系统'),('691489bdf8454fdfa1166ed45ab5d137','a1','2018-01-15 16:55:13','登录系统'),('695bb2c0efad4120bc65059d1f138c45','a0','2018-01-16 19:08:48','登录系统'),('696a96c7fe924e018074c587d24507a3','admin','2018-01-07 12:52:46','登录系统'),('6971ea1b6b544f13846430f675e80d10','a0','2018-01-05 16:22:27','登录系统'),('69a9e228793b47a19b7d495816ee2779','admin','2018-02-03 23:24:51','修改菜单前台销售'),('6a5812555a984066a58815920d4dc1b0','a0','2018-01-05 19:52:37','登录系统'),('6a5e9ef7ce214d559793fa7a6b6d7f02','admin','2018-01-07 12:56:14','修改del_qx权限，角色ID为:8e1c44c8202c4bb089a40230fa07e9c0'),('6a63012ff074487faa65c2e8e1a88069','a1','2018-01-05 08:46:54','登录系统'),('6a85a7eea711408793bad951fbbecdcf','a1','2018-01-15 22:27:49','登录系统'),('6adc9bc6efce4e02b8d45e913a823491','admin','2018-01-07 12:59:47','修改cha_qx权限，角色ID为:8e1c44c8202c4bb089a40230fa07e9c0'),('6ae169c1de774828b5e9c27dfa1dc22a','admin','2018-02-03 23:47:36','修改edit_qx权限，角色ID为:68f8e4a39efe47c7bb869e9d15ab925d'),('6b19d26aaa3b4c54986d564becb2d141','a4','2018-04-16 13:42:54','登录系统'),('6b2832e941ac489f8f9e0ca8f80acccc','a0','2018-01-16 19:54:37','登录系统'),('6b29ebf68c814a4ca323d3b32bcaef41','admin','2018-02-03 23:47:07','修改角色菜单权限，角色ID为:68f8e4a39efe47c7bb869e9d15ab925d'),('6bd6d24b82c14e2292e9a5fd81767cb8','a4','2018-04-18 15:40:14','登录系统'),('6c689ca629184dd8b2b9ae8cbbc6c774','admin','2018-01-10 20:05:13','登录系统'),('6d1ab9ad70b642eaa33d4c8f2a0256b2','a4','2018-04-18 15:42:20','登录系统'),('6d62ecbbcf7e432cb52e911765bf973c','a1','2018-01-13 20:31:44','登录系统'),('6e7f48e9fe4d46258979bd26cac833b5','a0','2018-01-08 10:56:35','登录系统'),('6ebf64d4ebf2442aac7254e67597499a','a0','2018-01-08 00:43:51','登录系统'),('6ed73664bc524f83b70a2dd6e6b754bf','a1','2018-01-15 17:14:20','登录系统'),('6f32e645b3544c4286b91de7bbdeb274','a1','2018-01-16 14:36:26','登录系统'),('6fc3ab3f55bb41a1bae0212e21125630','a2','2018-04-18 16:19:52','登录系统'),('701c610615234694ac834e116a66f844','a0','2018-01-04 16:09:06','登录系统'),('70411758e3b244b99a537e35667917a4','a0','2018-01-06 11:40:20','退出'),('705847d0c40b49b2ae7c18fde7183065','a1','2018-01-04 17:05:22','登录系统'),('710b05b76bf8425c956502b5adaa572a','a1','2018-01-16 09:20:19','登录系统'),('713bb1864db1482ebdf884a3d725e27c','a0','2018-01-06 16:33:23','登录系统'),('716b2a9f6e76440998243ac150d31426','admin','2018-01-13 09:54:53','登录系统'),('71c0ea18b87442b8acb156abd5bede19','a1','2018-01-15 22:56:18','登录系统'),('71fde4f5f730461ca67e0ab52c22968b','admin','2018-01-07 13:01:13','修改add_qx权限，角色ID为:3264c8e83d0248bb9e3ea6195b4c0216'),('72048e655de04434ac1c19e575aa87be','a1','2018-04-19 15:11:38','登录系统'),('72ba09a798e14456865efe96ec2706e1','a0','2018-01-08 00:12:38','登录系统'),('72d2453b47394440a4d7ab790745e497','a0','2018-01-06 17:40:28','登录系统'),('72edc4adcec04096b9da447743c2edc6','a0','2018-01-04 16:49:28','登录系统'),('735e84371ab547a9a8070e91dfa8d8a7','a4','2018-04-19 17:06:46','登录系统'),('735f7f7ab0a946f8bb24a9bf468e379a','a0','2018-01-08 15:17:04','登录系统'),('7464d6ee074f4201acc14960f7770449','a1','2018-01-17 09:09:44','登录系统'),('7497f3ce0f734d8b943ef31d3fad7733','a1','2018-01-15 17:03:32','登录系统'),('749bbb05d18d476e92dd6cc78d4dba9f','a0','2018-01-08 16:58:22','登录系统'),('74e6bd89590643c88d0d8f59b570b7c7','admin','2018-01-06 11:30:50','修改edit_qx权限，角色ID为:3264c8e83d0248bb9e3ea6195b4c0216'),('753f10f571df4600a5cedb8b7e562cbb','a1','2018-01-14 00:15:20','登录系统'),('758cb20f478e4feea272225bfe831cb6','a0','2018-04-03 19:06:51','登录系统'),('75f6315cd7004788a377fc41b7cc590c','a4','2018-04-18 17:43:46','登录系统'),('764ff7442562422c900cd28327d11b60','a1','2018-01-04 10:22:25','登录系统'),('7677411397be45f7973975cd4d8f103d','a4','2018-04-19 17:01:14','登录系统'),('775a6747fbd74b93a43c985592fd86ff','a0','2018-01-08 14:07:53','登录系统'),('77a5b3a4b64c437cbcb277d231c91dfc','admin','2018-01-07 12:59:28','修改edit_qx权限，角色ID为:68f8e4a39efe47c7bb869e9d15ab925d'),('78487e618f2e484795ee08a79ae26f07','a1','2018-01-16 19:36:23','登录系统'),('7872ad02f2394a6fb3b329109350bf74','a1','2018-01-13 16:42:03','登录系统'),('7907d5a454584406aea8c7d12e87773b','a0','2018-01-04 16:22:18','登录系统'),('790b20cf5a674ed184673139d2aa1344','admin','2018-04-16 13:18:23','修改角色菜单权限，角色ID为:1'),('7919917611fc402886695af8744f700d','admin','2018-01-11 09:55:41','登录系统'),('792d0c6cd8af42f0be00c9ede2391686','admin','2018-01-06 11:31:19','退出'),('793523a0b2874d2780a190c1610d2b16','admin','2018-01-04 16:57:08','登录系统'),('7a7a1589dd4b49e4b8fb7a7c9a18f75c','a1','2018-01-04 16:59:50','退出'),('7ab2b7ce94a34b58b22e6029eea7e86a','admin','2018-01-11 10:17:39','登录系统'),('7b984a5a3530418198d1aefa57600bee','a1','2018-01-13 20:45:30','登录系统'),('7ba7810ef2844058a427acb86c637e6f','a2','2018-01-16 16:05:59','登录系统'),('7ba8eb1cf0da464390daeecbd6031577','admin','2018-01-07 12:54:38','修改del_qx权限，角色ID为:68f8e4a39efe47c7bb869e9d15ab925d'),('7ca33be7be8a4c8a95b50fa6d8b5026c','a1','2018-01-16 19:00:24','登录系统'),('7ca4c8fd492b48278eb5690b0d6051dc','admin','2018-01-06 09:41:43','登录系统'),('7d042d6da7e04388ade01bc3bb2b039f','a1','2018-01-13 23:40:47','登录系统'),('7d6ecd044919406dbc8249f230f6c909','admin','2018-01-07 13:00:13','修改角色菜单权限，角色ID为:8e1c44c8202c4bb089a40230fa07e9c0'),('7df22e9e4ff049aeb22e5bcb6ea02129','a1','2018-01-16 10:57:22','登录系统'),('7e0f1a4f333947b5b1826b6f817ca023','a0','2018-01-11 21:19:36','登录系统'),('7e48c1d536e345b3bea4810c8bc2da21','admin','2018-01-07 12:54:54','修改cha_qx权限，角色ID为:68f8e4a39efe47c7bb869e9d15ab925d'),('7ebb3d5fc58645668c5f8ba087792001','a0','2018-01-06 11:40:01','修改cha_qx权限，角色ID为:3264c8e83d0248bb9e3ea6195b4c0216'),('7ee93655b0354056a3b5d1786c77e2e7','admin','2018-01-05 23:01:38','修改del_qx权限，角色ID为:3264c8e83d0248bb9e3ea6195b4c0216'),('7f0fd8ede39e4bbc9268b224d62920cf','a4','2018-04-18 15:57:59','登录系统'),('7f96b47daafa47e4b8d10d683917ae0c','admin','2018-02-03 23:46:56','修改角色菜单权限，角色ID为:53bd1c5cb4c14dd0b7b2b6a8a10adecf'),('7fbfdd4a56674fbdbe57c62ea8847d4c','admin','2018-01-04 17:23:07','登录系统'),('7fd26fae21c141ea888b07819f445246','a1','2018-01-06 09:41:35','退出'),('800c6ca4acb646d1a216de4496d57192','a0','2018-01-05 20:21:47','登录系统'),('8053ca6ea3b249bf96d4cbce35ab18fe','admin','2018-04-03 19:28:48','修改cha_qx权限，角色ID为:8e1c44c8202c4bb089a40230fa07e9c0'),('80634b6f89054a4eb3fc870002db74c0','admin','2018-01-13 10:09:52','登录系统'),('80c9367a473346398f265a341c6131f2','a4','2018-04-19 15:59:18','登录系统'),('8119bbba4a6c460e8f2c0c3b36130b4f','a4','2018-04-18 17:40:27','登录系统'),('81c64e8021c84a82874465405d5c80c7','a4','2018-04-18 17:16:36','登录系统'),('822a29a3d1924695bd7296b14fbc87b0','admin','2018-01-11 10:19:55','登录系统'),('827423fd94e24cc2b0aa70d6edd4a13a','a2','2018-01-07 13:42:36','登录系统'),('827619d5ddd44cf7ad3f2b3fe74e6f0c','a4','2018-04-19 15:01:10','登录系统'),('83370e6136e94e3db2188bdc090055ac','a1','2018-04-02 14:32:21','登录系统'),('835ca44dfd99491a8ff809269953d9b3','a0','2018-01-06 19:34:42','登录系统'),('84ced445389e4eb0aea5ca0cc21f0798','a0','2018-01-06 17:36:02','登录系统'),('84dc4c919b604a8bb9a9d955388b5bcc','a1','2018-01-15 14:56:10','登录系统'),('855158ea431e4062aeee7edf57eee41c','a1','2018-01-15 15:55:13','登录系统'),('86c5f0fd4f384318ace472039183a5a9','admin','2018-01-07 13:02:40','修改cha_qx权限，角色ID为:3264c8e83d0248bb9e3ea6195b4c0216'),('86f583078a3b4b47a2f4a32b6d0ab066','a1','2018-01-17 23:56:31','登录系统'),('877fee7d50c14eab9b5967bbc77057c3','admin','2018-01-13 10:38:46','登录系统'),('884410c7cac14d9aba96c3a6ee11f1cd','a0','2018-01-11 20:31:56','登录系统'),('88fa61e6bcff4a16bcd62942b672ec80','a0','2018-01-11 18:55:59','登录系统'),('89128ec35ee44dc38021aae793236b34','a0','2018-01-07 00:24:10','登录系统'),('894c131002b042f793828de279463156','a0','2018-01-05 16:03:36','登录系统'),('89b72915241f41d4a91b5f78b51287ea','a4','2018-04-17 23:06:02','登录系统'),('89ba2ea43f0648c097aa246f54a4355e','admin','2018-01-13 10:26:00','登录系统'),('89c8d87e8f714970aa54790792d7b947','a0','2018-01-12 14:47:09','登录系统'),('89c8ee673cf44ad3affc101cdddd9bbc','a1','2018-01-17 10:17:19','退出'),('8a2db83ea24b435db2884a775690f472','a0','2018-01-11 20:15:23','登录系统'),('8aa15bc6af8340a48bb79eeec4ee229c','a0','2018-04-03 19:24:21','登录系统'),('8af648b967ec40608d46456427921dca','a2','2018-01-16 20:06:17','登录系统'),('8bbe1f2065c446179c1c7df13e3f36d0','admin','2018-02-03 23:11:16','登录系统'),('8bcb40e667f74d8386ea6fd6a772f0a8','admin','2018-01-11 10:14:18','登录系统'),('8be780a4117049c995c4b3476ce44eba','a4','2018-04-19 15:14:18','登录系统'),('8c2f97562e774795902f5044c63262d1','a0','2018-01-08 09:12:02','登录系统'),('8c473558453c4562920b7a7a9425b7ec','admin','2018-01-04 23:12:32','退出'),('8cb4f6a876d94bd79e7fed7f7e0f4566','admin','2018-01-04 14:37:56','登录系统'),('8cc49f27c65d40d782f97ed6e03aa077','admin','2018-04-03 19:28:31','修改cha_qx权限，角色ID为:3264c8e83d0248bb9e3ea6195b4c0216'),('8d520eb09d7e4989908aee2b2bda48ec','admin','2018-01-06 09:42:39','修改del_qx权限，角色ID为:68f8e4a39efe47c7bb869e9d15ab925d'),('8d5665d04e38490286757fd50a8b3f1e','a1','2018-01-05 15:47:50','登录系统'),('8e21943da92b424ebb0d22c4da96d0dd','admin','2018-01-06 11:30:56','修改cha_qx权限，角色ID为:3264c8e83d0248bb9e3ea6195b4c0216'),('8f27ffd73ecd44bea274a184e3a35233','admin','2018-04-02 14:35:43','登录系统'),('8f345f275df746c6af77ea128c1978dd','a1','2018-01-13 15:03:16','登录系统'),('906600bb23a649839095056d2d35dd1c','a4','2018-04-18 17:13:49','登录系统'),('90d50e100d9c433684e843ad8571cd7b','admin','2018-01-05 16:17:19','删除按钮权限{BUTTON_ID=cc51b694d5344d28a9aa13c84b7166cd, ROLE_ID=3264c8e83d0248bb9e3ea6195b4c0216, guid=1515140239078}'),('913e8ac6d68246c0b04cfa60f79423d6','admin','2018-01-04 11:35:46','登录系统'),('9152f4713ae34162b49fa4a268b83aad','admin','2018-01-04 19:36:59','登录系统'),('91ad7dca4b154f4a81f6807874d3449a','admin','2018-01-12 18:30:37','登录系统'),('9218a35c1f4d4f88bf6beba453afdd8b','admin','2018-01-10 19:24:26','登录系统'),('921b2c75fa364bcdbc7474ea0ccba8d8','admin','2018-01-07 12:57:45','修改del_qx权限，角色ID为:8e1c44c8202c4bb089a40230fa07e9c0'),('924fc809ab254fa7a41d95a5bad2ac78','a0','2018-01-06 17:51:41','登录系统'),('92670a8ece14464a9aaa4e5d8af3aa1e','admin','2018-01-06 11:30:24','修改add_qx权限，角色ID为:3264c8e83d0248bb9e3ea6195b4c0216'),('927042febcfb4ca2809d26d6eb277a3f','admin','2018-01-11 09:50:19','登录系统'),('92e651a8efce46dab860f1dfd86a4584','a0','2018-01-06 11:31:59','退出'),('93c6cb8482a246b99e680efae0206b8c','a0','2018-01-06 11:32:07','登录系统'),('93c6d5de86f244618fe8d8f10eae3ae8','a2','2018-01-14 00:20:02','登录系统'),('93fad9db19224287bee5861becac294b','a0','2018-01-08 09:29:44','登录系统'),('94c9e95dda6f423aa1128d32f04f8055','a0','2018-01-05 19:22:25','登录系统'),('94d53209a8594651a7fa0266b586c9f3','admin','2018-01-09 17:19:45','登录系统'),('951d357bce7a4be09416c72eb29d3dcf','a0','2018-01-08 10:56:35','登录系统'),('95521f22f075490999e8eed4d8d0af4f','a1','2018-01-17 09:23:58','登录系统'),('9566c7e0998a459392a98ff96ef99798','a1','2018-01-15 15:59:00','退出'),('959c27b5d8424396adacb030075dad1c','a2','2018-01-08 15:52:28','登录系统'),('9613f6c816a3482ab32e7c97d3d21c18','a0','2018-01-08 16:21:59','登录系统'),('965584ba5c8b4bb591d8ba80fc1957d5','a0','2018-01-11 20:09:38','登录系统'),('9659994351034c8f99d3f759d4631d5d','a1','2018-01-16 10:20:49','登录系统'),('973d27775ee44e19ac5dc3ad0b36d829','admin','2018-01-13 10:41:00','登录系统'),('974d43a686fe4b3d953f4638141bd741','a2','2018-01-16 18:31:26','登录系统'),('982840643cde42eebbfc36962a398176','a0','2018-01-04 16:56:46','登录系统'),('986599a336264abaac61bfe4e3abbb88','a1','2018-01-15 21:37:07','登录系统'),('98a4d808160f4b42a7a2514d0a38a651','admin','2018-01-13 09:59:01','登录系统'),('996672791340447581d5d7a88a2ad3ba','a1','2018-01-14 00:37:23','登录系统'),('99735e51a616414fa64387183ab0a0f5','admin','2018-01-08 19:50:36','登录系统'),('9986c98c74384b69ac13146d84c49188','a4','2018-04-18 17:16:36','登录系统'),('99c938d8409f499a9fd8b2d9f1945a3e','admin','2018-02-03 23:20:36','新增菜单前台销售'),('9a178dfc3a8b4701bf397dea356b07dc','admin','2018-01-07 12:57:28','修改cha_qx权限，角色ID为:8e1c44c8202c4bb089a40230fa07e9c0'),('9a7ec8ad3ea34c16ac11543fc90b9c87','admin','2018-01-11 09:47:49','登录系统'),('9aa562fc9dc14bfdae9cfa88c7678e23','admin','2018-01-13 09:39:23','登录系统'),('9b2110ad02d14bf9bdc28f96c34d9173','admin','2018-01-07 13:06:24','修改cha_qx权限，角色ID为:4d54e78f42d442c5a2823748250427b0'),('9b6eba57d30044769033259dcc36a41f','admin','2018-01-13 09:34:47','登录系统'),('9b7745d3e9b54754a8d3e38cf8d8766a','admin','2018-01-07 12:54:19','修改edit_qx权限，角色ID为:68f8e4a39efe47c7bb869e9d15ab925d'),('9b82a675e1db425e94ba2441b28aed58','a1','2018-01-13 19:53:26','登录系统'),('9b8309ffe722465b8f0b23c509fbe0d3','admin','2018-01-12 11:14:35','退出'),('9bae8616f4544f84b3607a6617fbdeac','a0','2018-01-08 11:35:32','登录系统'),('9d02bbeff5bd4a9da5e25cf85306db86','admin','2018-04-16 13:13:23','登录系统'),('9d4a8a420c8943d7ba853319613cf581','a0','2018-01-08 15:55:46','登录系统'),('9dadd4b816fd430992abd123bf1d97bf','a0','2018-01-08 09:44:26','登录系统'),('9dcefd2fd05c43c397de4b78975213a4','a0','2018-01-06 11:40:26','登录系统'),('9de2e6bbd27e4d9cb1d984ed68088b49','a1','2018-01-15 17:11:57','登录系统'),('9de6eae8d97a4ab694718efd02836178','admin','2018-01-06 00:25:56','登录系统'),('9df20f6e2b3d40728551b7777401aebf','a0','2018-01-05 19:55:50','登录系统'),('9f464dca7eb941cfadd5ef7d540acb9b','a1','2018-01-14 00:31:10','登录系统'),('a06655816e0a41f9a9d17fffc450cf30','admin','2018-01-04 23:13:17','登录系统'),('a0a546e7d574484593d25b8002a97cbe','a4','2018-04-18 17:25:19','登录系统'),('a0aaea553da5453bbef121c2945afb9e','a1','2018-01-17 09:45:52','登录系统'),('a158decffc124fe9b78f4b8754210339','a2','2018-01-16 15:35:32','登录系统'),('a1680a69d46d493ab26923126e338c57','admin','2018-01-06 09:42:49','修改edit_qx权限，角色ID为:68f8e4a39efe47c7bb869e9d15ab925d'),('a219385defd74b0480402086fa3f8cea','a2','2018-01-16 14:36:39','登录系统'),('a267ee13877e4a8f982fa953ace7346c','a0','2018-01-08 17:08:04','登录系统'),('a36cf56b48e442f281beff9f47cf8de9','a0','2018-01-08 00:38:42','登录系统'),('a422c07476bf472e82ab2e82022aed43','a0','2018-01-07 00:15:57','登录系统'),('a4e18915104b49649562fe899281bc74','admin','2018-01-07 12:58:44','修改cha_qx权限，角色ID为:68f8e4a39efe47c7bb869e9d15ab925d'),('a563c1fbd33d420f811ef50f578ce0b3','admin','2018-01-04 19:11:50','登录系统密码或用户名错误'),('a5b0255c9e804b4a80b50d8bb3bb3590','a1','2018-04-16 13:21:49','登录系统'),('a5e7394d496e49c0a5d5ad72b3b0aae4','a0','2018-01-05 14:00:24','登录系统'),('a5fb176b7ab24c65a3451a6708530068','admin','2018-01-05 15:40:31','登录系统'),('a675c55c0bb946cba5ae549f045b4245','admin','2018-02-03 23:21:03','删除菜单ID87'),('a68166a495af4b17ab46d39f0beac491','a0','2018-01-11 21:22:30','登录系统'),('a69cde7d7bf74bd7a4dd61b0bb17127d','a1','2018-01-15 22:24:36','登录系统'),('a6a10d17f78145bd9e1a331ffba8b2ba','a1','2018-01-16 21:20:26','登录系统'),('a72eec6a693f4b0cad197ebfc3e59874','a0','2018-01-06 11:40:42','修改角色菜单权限，角色ID为:3264c8e83d0248bb9e3ea6195b4c0216'),('a8d927687a284996970948ef65b2874b','admin','2018-01-04 14:37:25','登录系统'),('a96415c80d734b3f83794183f1a9d45f','a0','2018-01-04 23:12:47','登录系统'),('a96d8b3e2d3347fb8b6e6633893f6270','admin','2018-01-07 12:56:28','修改edit_qx权限，角色ID为:8e1c44c8202c4bb089a40230fa07e9c0'),('aa2a872b2dc24737a0960b26f615257d','admin','2018-04-02 19:27:44','登录系统'),('aa6659607fb8439c83c7b4238944fa6e','a1','2018-01-15 16:01:06','登录系统'),('aa7643e7546a4bf381e96af623ab5594','admin','2018-01-04 11:57:35','登录系统'),('aa790c69a6f34e7c819342255edd08e9','admin','2018-01-07 12:58:29','修改edit_qx权限，角色ID为:68f8e4a39efe47c7bb869e9d15ab925d'),('aaa1405009134a6ba8d0acd149a205c9','a1','2018-01-16 09:23:10','登录系统'),('ab1b7111ea86433cbd2ff9bbd981a629','a0','2018-01-11 18:47:44','登录系统'),('ac09accec47942688a0bd9749664f54f','a0','2018-01-04 23:17:49','登录系统'),('accb8baecc914112ab94cf1bcb835edc','admin','2018-01-10 19:28:32','登录系统'),('accbc81ccc3046d38e69299ea580df0d','a0','2018-01-06 15:03:26','登录系统'),('acf27c8fb77e4250a615eb6d2c66e6cf','admin','2018-01-04 23:14:43','修改角色菜单权限，角色ID为:68f8e4a39efe47c7bb869e9d15ab925d'),('ad237080f7c34795b2a3e5102d17349b','a0','2018-01-06 11:57:52','登录系统'),('ae41286649f54227b90eb31e5763c404','a4','2018-04-18 15:01:00','登录系统'),('ae48c7dc29e440fc882d9a37a65e7e98','a1','2018-01-03 22:10:01','登录系统'),('ae87897eb8f8495b9da876e4b7592484','a0','2018-01-08 01:06:06','登录系统'),('ae92faa9c36b4709a184c033a9fff952','a2','2018-01-16 15:42:45','登录系统'),('aeecca511312463b83b8d963d7d099f4','a1','2018-01-13 23:13:32','登录系统'),('af606d049eb24d27b33557d08db84863','admin','2018-01-04 23:16:34','登录系统'),('b0c8f79484c94f7f879719b7e99fe186','a3','2018-01-04 19:27:17','新注册'),('b0db2d09f7094eca92df5715577dd850','a0','2018-01-05 15:52:54','登录系统'),('b12772751ce448219d2e1a0e75f40a64','a1','2018-01-04 00:08:10','登录系统'),('b1318692afaa48de9fa0d2bec903f159','a0','2018-01-05 16:42:27','退出'),('b17a5c85e54945f2812980238ac828c6','a0','2018-01-06 00:43:23','登录系统'),('b1c89a9621fc4ce6b80da53b25878f3a','a1','2018-01-04 11:51:08','登录系统'),('b1d4539045fd42da8b22f93dadaad574','admin','2018-01-04 19:16:56','登录系统'),('b1df862b79ca4e0dade010513d5f15f5','a0','2018-01-05 19:01:20','登录系统'),('b1e4ab267398426cb9a9a5c549bb896c','admin','2018-01-04 18:47:24','退出'),('b28d0b0009164a1ebd4e2298e7cd5967','a0','2018-01-08 14:29:23','登录系统'),('b2e2885ee66d4e00b0956b548c2923f3','a1','2018-01-14 01:04:06','登录系统'),('b3023abe92cb4539b99bf35566531b1a','admin','2018-01-07 13:10:29','修改系统用户：a1'),('b357efac048d4616b39235d543900eee','a1','2018-04-18 16:19:30','登录系统'),('b3ad3720be034d27afbc2aa0235b92c5','a0','2018-01-07 01:29:00','登录系统'),('b3eedea247c544cd9d47c09525484919','admin','2018-01-12 17:22:21','登录系统'),('b429cbafb9da4f6ba234eb4f6b1c0e0a','a2','2018-01-16 17:02:55','登录系统'),('b4cae81c6d4347029472a6a409731bef','a0','2018-01-08 11:05:30','登录系统'),('b5181256fec84347bc365aa04604ebac','a0','2018-01-04 17:03:33','登录系统'),('b662beedb1b045379ffbcf7ef0904ae9','admin','2018-01-07 12:55:43','修改add_qx权限，角色ID为:8e1c44c8202c4bb089a40230fa07e9c0'),('b6ee31f9664940e7963d89b9df83095f','admin','2018-01-04 19:09:14','登录系统密码或用户名错误'),('b7597d31e8f14cfe8806d61f46eb307a','admin','2018-04-16 13:18:03','登录系统'),('b7aae3ef3bcd412d875d25aefe409dd4','a1','2018-01-08 19:43:52','登录系统'),('b7b933855090468fb46fff10238bd341','a1','2018-01-04 16:59:37','登录系统'),('b7e6e44f79ce4a7081f5f5056b7a00af','a0','2018-01-04 16:25:49','登录系统'),('b8400c47bd3045c1a71d323e6f7ed2d2','a0','2018-01-06 11:40:57','登录系统'),('b856c285f7e64bcda9fa5b85e7a160cb','a1','2018-01-15 22:24:36','登录系统'),('b8fe4921b54349b3ac5354cf215f4401','a1','2018-01-16 20:11:15','登录系统'),('b90611a1e9864447b26a97c2104fa39f','a0','2018-01-08 14:31:12','登录系统'),('b92393a5464b47bf8d96f7ff624e9825','a1','2018-01-12 15:23:47','登录系统'),('b9cbc2b5d8cb458b8bb2064b79e2d2b6','admin','2018-01-11 16:27:32','登录系统'),('ba157e97194443098ed732481d14dccc','admin','2018-01-07 01:28:41','修改cha_qx权限，角色ID为:3264c8e83d0248bb9e3ea6195b4c0216'),('ba25c8e12b5a415085f4bfbe48611360','a0','2018-01-07 00:01:23','登录系统'),('ba57854f25c547468513e65803ebfb4d','a0','2018-01-06 16:34:51','登录系统'),('ba8fbff3c1e24513bee9dcfb42a157cd','a1','2018-01-16 09:14:21','登录系统'),('bab06566b7db4bd5ac0df58d0c759310','admin','2018-02-03 23:15:22','修改角色菜单权限，角色ID为:53bd1c5cb4c14dd0b7b2b6a8a10adecf'),('baf494d9de7243daa4c1f507a2d3b198','a0','2018-01-06 15:23:25','登录系统'),('bafdedbdd31241cabfdb885c9b334f7a','a1','2018-01-14 01:00:50','登录系统'),('bbb034fabf0c4c67ba618fa907e89639','admin','2018-01-05 16:46:32','登录系统'),('bbb7b01218eb4ae5a62d6d82da5ecbf2','a0','2018-01-05 23:18:16','登录系统'),('bcff3aba1b764c77b933e3ca91a4148c','a0','2018-01-08 11:20:04','登录系统'),('bd1cb112ee144890bcd6e57cea608228','a0','2018-01-08 08:47:26','登录系统'),('be72edd990b74eee92346eb4b0003a18','a2','2018-01-13 16:09:01','登录系统'),('bf320c1014984971987b192dc4b43bf1','admin','2018-01-07 13:04:10','修改add_qx权限，角色ID为:4d54e78f42d442c5a2823748250427b0'),('bf344af3d4a9483ab36fbdcead1bfa66','a4','2018-04-19 15:08:31','登录系统'),('bf45c35c5c39484ba9924cd9c78505df','a1','2018-01-16 10:52:16','登录系统'),('bffc8c00a3934718a65dc6cedafaf5f5','a2','2018-01-16 19:05:19','登录系统'),('c008c7837072411b86edb5a3d10fc564','a1','2018-01-15 17:22:17','登录系统'),('c056a1433dde4f4aa94c8f133e28ce85','a0','2018-01-05 08:44:47','登录系统'),('c0976dce19f84208a20ab309b1514420','a0','2018-01-07 00:24:10','登录系统'),('c1d2d3168ae542f1863ac926dde5c8ef','a0','2018-01-08 08:51:49','登录系统'),('c2dfc581050a407193b241f312972be4','admin','2018-01-05 16:41:32','登录系统'),('c341e69fd2a04717b4c9e89cead604a9','a1','2018-01-15 20:17:20','登录系统'),('c35424b5144549e4a40f1cc1a3b2aad5','a1','2018-04-14 12:01:01','登录系统密码或用户名错误'),('c3646d301d1c482c926242c81361deac','a0','2018-04-03 19:29:05','登录系统'),('c58c627e017f41a5851897e088439645','a0','2018-01-08 14:57:30','登录系统'),('c59b5bc8084b452a9b534bc4c7236ed2','a0','2018-01-06 17:59:02','登录系统'),('c5af7aad0147401ba944a3f8128247a4','a2','2018-01-16 16:08:43','登录系统'),('c78b57329f414e989525b05231f6faaa','admin','2018-01-04 17:08:49','登录系统'),('c8008df6fc0d47b7ba280fde1f2694b6','a0','2018-01-06 15:27:39','登录系统'),('c80ff476ef2e415ba587ce0e8541b024','a0','2018-01-04 16:49:40','退出'),('c8f8cf1a78a14dc5aa99786820404d5b','admin','2018-02-03 23:19:00','修改菜单前台销售'),('c912031782fb413ab672536c9205b162','a1','2018-01-04 00:12:24','登录系统'),('c9d2bdecabda437b9b5a22ddbea609d9','a1','2018-01-15 23:26:08','登录系统'),('ca4b4cc9d9bc49bcb1efc2ef4694bfc8','a1','2018-01-14 00:16:22','登录系统'),('ca833698e93a43d684e244e5485144f3','a0','2018-01-06 10:48:21','登录系统'),('cae17da87d76413a897d89498006503c','admin','2018-04-16 13:14:16','登录系统'),('cb2598d39edc4110a142d73fd90ca0ac','a0','2018-01-06 11:39:43','修改edit_qx权限，角色ID为:3264c8e83d0248bb9e3ea6195b4c0216'),('cb4c72e37e6c4e91bf343f1d42f01f49','a0','2018-01-06 09:43:56','登录系统'),('cb811c8d6f8849589ca37c45a7980827','a1','2018-01-06 09:37:24','登录系统'),('cbf11200bc474276a6b54e9fb17ecbdc','a0','2018-01-05 23:09:21','登录系统'),('cc63c15370b7414a8117e88482e16702','a0','2018-04-18 16:02:18','登录系统'),('cc9d25996b1444e59874a523c338c95c','a4','2018-01-04 19:29:56','新注册'),('cd24a969beb6443d8756682db1a8e551','a0','2018-01-06 15:29:30','登录系统'),('cd54ffbdfb3e47188b9b0a102eff9d8b','admin','2018-01-13 09:31:26','登录系统'),('cd5a8324f713406d90c7129e0be38d12','admin','2018-01-10 20:26:54','登录系统'),('cd5c5861d78a409db5b6776a33cb31cf','a4','2018-04-18 15:29:33','登录系统'),('cd8ee22181d240919280ca9a7a631609','admin','2018-04-02 14:37:32','退出'),('cd9ed260634442f2b77d3671e36079b9','a0','2018-01-08 11:10:56','登录系统'),('ce7b2d2304ce46898288ac4263cb05a7','a1','2018-01-13 23:32:10','登录系统'),('cf340672c5f747338b0660fde0fb04ea','admin','2018-01-13 09:50:27','登录系统'),('cff9287ba9b94996a49eea7d7ef5f518','a0','2018-01-06 17:48:58','登录系统'),('d003cd9372694858a231903e2f2bf170','a0','2018-01-07 12:51:39','登录系统'),('d01d2e7034104a7087ef20bf417f6579','admin','2018-04-02 14:35:08','登录系统'),('d0e8044b120b4037b65ad295dedeed09','a0','2018-01-05 15:31:30','登录系统'),('d24eaa1e817f4db591a5825a00aac89b','a1','2018-01-04 23:20:43','登录系统'),('d2a55dee9538493bb5d091653de79cd0','admin','2018-01-13 10:29:11','登录系统'),('d2bfff9e4e594196aaf352c0ea3359d8','a0','2018-01-07 00:28:59','登录系统'),('d300712be91149ee808bb24d99aa96a6','a1','2018-01-14 00:05:22','登录系统'),('d3329141f2a847c983232963923c633d','a0','2018-01-05 15:44:33','登录系统'),('d3344f3a3a9c4e9aa3b0e8ba27a5db2c','a1','2018-01-14 01:11:01','登录系统'),('d33a3d75795d4355a55fe5bb25a55d16','a2','2018-04-17 14:14:03','登录系统'),('d3a29ab259c9470a9e06dec3d332477b','a0','2018-01-11 18:49:30','登录系统'),('d3e80afd16d14dca81057b0cda31524b','a0','2018-04-17 14:21:18','登录系统'),('d3f12171ef1441e9ab711602c3d07639','a0','2018-01-08 11:17:57','登录系统'),('d4b499819062482fa959cf4673ed9fd3','a0','2018-01-06 10:59:39','登录系统'),('d4c7259d974a4c9f816b3d67db837fe5','a1','2018-01-04 00:17:46','退出'),('d4f2bc6a3b6b4a839b9f49eae17712e5','a0','2018-01-06 09:11:37','登录系统'),('d4f47280b605439f98bfdb4ba156d90a','a2','2018-01-16 15:29:57','登录系统'),('d4f554403047420b98dac1f6d2fbf54f','a1','2018-01-17 17:11:29','登录系统'),('d611cf1091f1472383728cc8b08a49d1','a1','2018-01-17 09:48:32','登录系统'),('d65f58a5b4df4e28b8d42def4d36ec85','a2','2018-01-16 14:07:11','登录系统'),('d6cc6e05565c45a8b9bce6d993c00b31','a1','2018-01-16 20:27:06','登录系统'),('d713c709d898421380aef04fa483e0cf','a1','2018-01-16 17:15:24','登录系统'),('d73893b77e43464eafb7fc698844fd7d','admin','2018-01-08 19:46:34','修改角色菜单权限，角色ID为:8e1c44c8202c4bb089a40230fa07e9c0'),('d77bafb7a8cd43cfa70fb87339fe5e5a','a4','2018-04-18 17:20:06','登录系统'),('d801d13a998f4e8bb82acf3cbfbd8329','a1','2018-01-06 09:15:27','登录系统'),('d81280b7091f4e7ab4dadf6bc3a982c9','a1','2018-01-15 16:59:37','登录系统'),('d89556ce28e948e1a1c6380cbef39627','admin','2018-01-04 19:15:57','登录系统'),('d8f13677d0af48d199623f7c550c0e52','admin','2018-01-05 16:49:07','修改角色:仓库管理员'),('d95fb4aaf7514d60bc0764806027f61d','admin','2018-02-03 23:18:51','新增菜单前台销售'),('d9ab6fb46cdc4ebda456da9b996882ac','a0','2018-01-06 10:26:08','登录系统'),('dae1a9414cec42609f30394190a3b6cf','a0','2018-01-08 11:32:56','登录系统'),('db0114919ae149a6a5910147b6c8d190','admin','2018-01-13 10:36:33','登录系统'),('dba739689be24588bdbad3ba704ca542','a2','2018-04-02 14:22:36','退出'),('dbe0bad2a3ff4f5a9009f390768bb838','a0','2018-01-11 17:17:40','登录系统'),('dc0a8327fdb64827a2770a0283d7b2da','a2','2018-04-18 16:53:02','登录系统'),('dc70f206b1a4499aabe2470c42f9d288','a0','2018-01-11 21:11:03','登录系统'),('dd11ed65c1b64af58cc122ab3e218b1d','a0','2018-01-13 16:07:48','登录系统'),('dd1ca3e73318430398f3a3c0f61ede2d','admin','2018-01-03 22:08:35','登录系统'),('dd1e1ac6736d4fdb815ea739605adff0','admin','2018-02-03 23:47:27','修改add_qx权限，角色ID为:68f8e4a39efe47c7bb869e9d15ab925d'),('dd9c387718c84f77a2058c6a45c07a8e','a0','2018-01-07 01:04:57','登录系统'),('ddc09792f5884268a223f0f57aa96736','a2','2018-01-13 16:07:25','退出'),('de3f3ae4cd6c4715827bebcfb1fed8a4','a0','2018-01-08 01:13:38','登录系统'),('df184902002c4e30a8c9d948e697a3a0','a4','2018-04-18 14:43:31','登录系统'),('df477455e2a74e6ab5cc7a8f25598cca','a0','2018-01-08 16:14:07','登录系统'),('df9d9251f1dd4ecca1cb1e99b04e46b0','admin','2018-02-03 23:13:14','修改add_qx权限，角色ID为:53bd1c5cb4c14dd0b7b2b6a8a10adecf'),('e01e36a139bd43b1807a93830752891a','a1','2018-01-17 15:59:12','登录系统'),('e0b9d06206bf4e9f96b2eb99c9aedcf7','admin','2018-01-07 12:54:26','修改del_qx权限，角色ID为:68f8e4a39efe47c7bb869e9d15ab925d'),('e0bda79df8c84a62a73ed51aa65e739b','a0','2018-01-08 09:41:39','登录系统'),('e0c39d2a075642a6a793c6142f28d0fc','a1','2018-01-15 16:12:41','登录系统'),('e0dfc540bfbe41478da3d560267d8559','admin','2018-02-03 23:12:26','新增角色:前台销售'),('e0e7efea91c44d1b88678f45be597f42','a0','2018-01-11 16:32:56','登录系统'),('e18f63c5549549b9ab9261eebd51a6ee','admin','2018-04-02 14:35:28','登录系统'),('e19b877ed66845898e6986007930961f','a1','2018-01-16 09:43:35','登录系统'),('e1a4e9f7357849149be86cd1351726f0','admin','2018-01-07 13:01:53','修改del_qx权限，角色ID为:3264c8e83d0248bb9e3ea6195b4c0216'),('e25df3d7269f494fa9c362509b24b629','a0','2018-01-06 11:40:52','退出'),('e2b999764fd0474ab0628ccb19c5685b','a0','2018-01-06 15:31:41','登录系统'),('e2cdcec64e344306a5041f5b9170e90c','a0','2018-01-08 00:35:17','登录系统'),('e2e36552be6b40e6bebfe26a6a0c4562','a0','2018-01-06 11:57:33','修改del_qx权限，角色ID为:3264c8e83d0248bb9e3ea6195b4c0216'),('e30367801060451a80eac241e08bdbf7','a1','2018-01-15 16:53:32','登录系统'),('e332b05f73cd491f946f1917c8a79e77','a4','2018-04-02 14:37:44','登录系统'),('e3875261fec64f01a76470c0d321ffc5','a4','2018-04-18 14:51:02','登录系统'),('e407a28e49104ae39816d884f7a56a45','a1','2018-01-15 23:26:04','退出'),('e40d9de6cff54ea697e9798853dd1286','a0','2018-01-06 16:30:02','登录系统'),('e4fa29554d5b49d4b20d3657f7ea174a','a1','2018-01-04 16:26:36','登录系统'),('e55b2e93d1bd4c928230e8bff707bcc1','a0','2018-04-18 14:58:58','登录系统'),('e6092928c34a47d1891065f0fc1ad692','a0','2018-01-08 08:49:47','登录系统'),('e641542e2fc3425aa295dd90cfeea274','a4','2018-04-19 17:09:18','登录系统'),('e64e761a40fb4787a3060ca06f4d8b17','a0','2018-01-07 00:38:47','登录系统'),('e65a13be73744fb7a94cee9b2e2bffcb','a1','2018-01-16 09:13:32','登录系统'),('e6bc694f3d2f497e8e7a029a497f03ff','a1','2018-01-05 15:44:24','退出'),('e6e1e745f3cd4e97b8181b4ac9dbf065','a0','2018-01-11 18:44:39','登录系统'),('e7b056f507ec4fa89d7899fd0486857e','a2','2018-04-17 15:55:29','登录系统'),('e7c5cd7cf13344bdbeb206c2cba8aa51','admin','2018-01-09 17:26:42','登录系统'),('e7e012edfea8418b8fedac35f8dfd56d','a4','2018-04-17 23:08:35','登录系统'),('e84373370cb1404c85dd61a77a79ca45','a0','2018-01-06 10:44:12','登录系统'),('e8c558ca51b440a2b35baf2fcac7583e','a2','2018-04-18 16:39:52','登录系统'),('e9d124bdb6434e78b3835dfb29253127','a0','2018-01-06 15:25:26','登录系统'),('ea8eb24e27f24b9faf546378454bb989','a0','2018-01-08 10:49:28','登录系统'),('eb716da49dfd47e897d716151b18ac8b','admin','2018-01-07 13:10:08','登录系统'),('eb80bc6c532e4205aab243e7d572bb68','a1','2018-01-15 15:58:58','登录系统'),('eb905a287d2c4cc9ab8b671b595ea192','admin','2018-02-03 23:13:50','修改cha_qx权限，角色ID为:53bd1c5cb4c14dd0b7b2b6a8a10adecf'),('ec66f7f3676b41bb9f38cb861bb58402','a1','2018-01-15 16:45:08','登录系统'),('ec95119df07c4b3eb735f8b6a4f102ec','admin','2018-01-04 11:54:30','登录系统'),('ecc6de3b608b42f1a435c3b24d80f978','a1','2018-01-15 22:20:14','登录系统'),('eccbde84b37c4f27afc2ee2853be341d','a0','2018-01-11 21:16:04','登录系统'),('ecfc74d96e2644eb87858c9e04dc0f2e','admin','2018-04-02 14:11:12','登录系统'),('edb931a2afb346a3ae93df23bf8ef0fe','a4','2018-04-17 23:12:38','登录系统'),('ede4d5d7f2a74666b3c9dd99be132d33','jiang','2018-04-02 14:34:14','登录系统密码或用户名错误'),('edef3d32ac6742e6a5cb8bc9d5997e6c','admin','2018-01-12 11:12:23','登录系统'),('edfc337d882f4427b4ae48d8516a3818','admin','2018-01-04 11:50:08','退出'),('ee47f3a98617425c908d0ac072b99f1b','admin','2018-01-04 23:17:20','修改add_qx权限，角色ID为:3264c8e83d0248bb9e3ea6195b4c0216'),('ee5e422bd39b47fba5c1cd55348ba820','a0','2018-01-08 09:33:49','登录系统'),('ee85b6d2891243ab9e106f294ce9deb3','a0','2018-01-08 14:19:03','登录系统'),('ee9289c30c4649d2b80b102dbf4b186e','admin','2018-02-03 23:47:41','修改cha_qx权限，角色ID为:68f8e4a39efe47c7bb869e9d15ab925d'),('eed564c365b94ae18f07032a5e88a2c1','a0','2018-01-16 19:45:05','登录系统'),('eef2f4eb83484fc7ac8bce0aa2ae44bb','a0','2018-01-06 14:49:58','登录系统'),('ef0ad795641f41eba954f4a909d27fde','a0','2018-01-04 15:15:29','登录系统'),('f0deeb5f3dea4a338edfea4b9acef6d4','a0','2018-01-07 01:29:48','登录系统'),('f1b8efb7049f4413bd453757eb605d51','admin','2018-01-04 15:28:02','登录系统'),('f1d1780efa6840a890c1a16314a1273a','a4','2018-04-18 16:00:17','登录系统'),('f2431092da134716a71e382db9ca188a','a0','2018-01-06 11:03:45','登录系统'),('f24f3676f63443859522bbdb572b47ca','admin','2018-01-09 14:55:29','登录系统'),('f256d154c30f4e028178ff30b5dc80c7','a4','2018-04-16 14:09:32','登录系统'),('f2dd67fe7a08496cb1b7735e97b0c6e1','a0','2018-01-08 08:54:03','登录系统'),('f2eb7ef48fcd4fbe8c74f8904dad7d64','a0','2018-01-04 23:14:58','登录系统'),('f3724751cb2c464eb732fbefdc1235f3','a2','2018-04-18 16:35:07','登录系统'),('f3ca163e4e244d0d9a048ea8817f9e32','admin','2018-01-13 10:34:38','登录系统'),('f4b84d999c3544f6b56202f9f7a164e7','a0','2018-01-16 18:40:24','登录系统'),('f4cd2e03a56d4d4ea1a5c4cf2cf27b7a','a2','2018-04-19 15:11:17','登录系统'),('f4f448a85e2a4f2baa714595a72cb4e2','a0','2018-01-06 14:46:09','登录系统'),('f50ca0fe01a249bdbf175ee4df653db0','a0','2018-01-16 18:45:56','登录系统'),('f52db08d8a39462293375b7ce845f547','a0','2018-01-11 20:12:18','登录系统'),('f6028cf9e30e4885acd2a2c09520fbf7','admin','2018-01-04 16:52:34','退出'),('f60ac67e1f354d058b5e463201d1ec67','a0','2018-01-05 23:02:39','登录系统'),('f611511923c7474a858e32f3233e9abb','a1','2018-01-15 16:08:59','登录系统'),('f656253e656d46edb0fec3b8c84f659a','a1','2018-01-15 17:28:21','登录系统'),('f675d573455c4fdd94db3b63de62d0ea','a0','2018-01-11 16:28:20','登录系统'),('f676a63e3e1841db8059d91dc22d36ac','a4','2018-04-18 17:25:52','登录系统'),('f6f87eeff48b40229bba3001d6a89899','a0','2018-01-06 20:44:47','登录系统'),('f73edf4b9e004e6bb5cd73371cd1f665','a4','2018-04-18 15:22:48','登录系统'),('f742a10c1f7343728304cecfabb42534','a2','2018-01-16 18:59:59','登录系统'),('f753fa2c35d94317b1b3a8fe93550435','a1','2018-01-05 16:42:34','登录系统'),('f76b3b7ea78d4f67a9e37c22b5e23d82','a0','2018-01-08 14:38:12','登录系统'),('f779c7a2b3ce4674bf3119684fa534d2','admin','2018-01-13 10:31:29','登录系统'),('f77b56cae0dd4c63b5261b1f30865123','admin','2018-01-06 09:42:29','修改add_qx权限，角色ID为:68f8e4a39efe47c7bb869e9d15ab925d'),('f901a2a50bf2490fbec6a6d91a3b8b79','a4','2018-04-02 14:34:31','登录系统'),('f9ffa17d50aa4fb5a8ade8e935006a15','admin','2018-01-13 09:56:42','登录系统'),('fa0451187d4743e49a2794778ec96d55','a0','2018-01-11 20:16:55','登录系统'),('fa2573193a8a4302ad6b4546b15dd448','admin','2018-01-04 16:49:51','登录系统'),('fa85c3e5549a466cae9c4c5110cc5545','admin','2018-01-05 15:40:57','修改角色菜单权限，角色ID为:68f8e4a39efe47c7bb869e9d15ab925d'),('fada469c4bc1494ba7927c142e9aedef','admin','2018-04-16 13:17:51','修改角色菜单权限，角色ID为:1'),('fb122518968542a697dba0157147e72f','a1','2018-01-16 14:07:02','退出'),('fb7c8a03bb9e4ceca62d5afc867e0767','a0','2018-01-17 16:11:49','登录系统'),('fb9cdf9e2e974c83931f531117c38948','a2','2018-01-13 16:08:09','登录系统'),('fc0187c84bfc4e0ead1798832e552879','admin','2018-01-07 12:58:06','修改add_qx权限，角色ID为:8e1c44c8202c4bb089a40230fa07e9c0'),('fc4b76d676d24a53ad07bafa3cbc9f82','admin','2018-01-07 12:59:24','修改cha_qx权限，角色ID为:68f8e4a39efe47c7bb869e9d15ab925d'),('fd73262d257c4bd88fe40c0bb7a8d182','a0','2018-01-08 11:15:43','登录系统'),('fd7b6fed66b44af080ec6a848ec630e9','a0','2018-01-06 15:41:44','登录系统'),('fdb476bd12ae4180a7268ecfab91946a','a0','2018-01-06 11:39:21','修改del_qx权限，角色ID为:3264c8e83d0248bb9e3ea6195b4c0216'),('fdb50b6a6aa148cd808cbb11ad7deef3','admin','2018-01-05 16:46:48','新增角色:外销人员'),('fdb83c8ac7fa47f480375130f74e6df3','a0','2018-01-05 16:12:29','登录系统'),('fdf02c5f4eef467fb8d671224e44ac30','admin','2018-01-07 13:00:01','修改角色菜单权限，角色ID为:8e1c44c8202c4bb089a40230fa07e9c0'),('fe6ebf3c430b4a2b9a5c18362b69f83d','admin','2018-01-11 20:25:02','退出'),('fec5a0f0ca504649abb5cb0a5fa2be93','admin','2018-01-07 01:28:36','修改edit_qx权限，角色ID为:3264c8e83d0248bb9e3ea6195b4c0216'),('ff02cd34f42d468688d9272bf7174203','a0','2018-01-06 11:43:42','退出'),('ff1b487049694494933df51eac4f286e','a1','2018-01-17 16:01:48','登录系统'),('ff6410d5d1614535a3b8a0df8c3e83a0','a1','2018-01-15 22:17:12','登录系统'),('ff796e2025ee47c78a45de22727f27b0','a0','2018-01-06 15:11:37','登录系统'),('ffa413b105274a3493d02d79fddbebb0','a0','2018-01-06 17:23:14','登录系统');

/*Table structure for table `sys_fhsms` */

DROP TABLE IF EXISTS `sys_fhsms`;

CREATE TABLE `sys_fhsms` (
  `FHSMS_ID` varchar(100) NOT NULL,
  `CONTENT` varchar(1000) DEFAULT NULL COMMENT '内容',
  `TYPE` varchar(5) DEFAULT NULL COMMENT '类型',
  `TO_USERNAME` varchar(255) DEFAULT NULL COMMENT '收信人',
  `FROM_USERNAME` varchar(255) DEFAULT NULL COMMENT '发信人',
  `SEND_TIME` varchar(100) DEFAULT NULL COMMENT '发信时间',
  `STATUS` varchar(5) DEFAULT NULL COMMENT '状态',
  `SANME_ID` varchar(100) DEFAULT NULL,
  PRIMARY KEY (`FHSMS_ID`)
) ENGINE=InnoDB DEFAULT CHARSET=utf8;

/*Data for the table `sys_fhsms` */

insert  into `sys_fhsms`(`FHSMS_ID`,`CONTENT`,`TYPE`,`TO_USERNAME`,`FROM_USERNAME`,`SEND_TIME`,`STATUS`,`SANME_ID`) values ('05879f5868824f35932ee9f2062adc03','你好','2','admin','san','2016-01-25 14:05:31','1','b311e893228f42d5a05dbe16917fd16f'),('2635dd035c6f4bb5a091abdd784bd899','你好','2','san','admin','2016-01-25 14:05:02','1','1b7637306683460f89174c2b025862b5'),('3bbc59aec89c45a989f32a8d674061a2','1','2','a1','a2','2017-10-28 01:52:50','1','95dc9576616e46ef82070c0f575a3619'),('52378ccd4e2d4fe08994d1652af87c68','你好','1','admin','san','2016-01-25 16:26:44','1','920b20dafdfb4c09b560884eb277c51d'),('59e630a10b734e008b24b9b13a3e873f','eee','1','a1','eee','2017-10-28 02:03:24','2','49e9a3b171784675a94baf0c0a295c7c'),('77ed13f9c49a4c4bb460c41b8580dd36','gggg','2','admin','san','2016-01-24 21:22:43','2','dd9ee339576e48c5b046b94fa1901d00'),('7e930e1f3ed44628ad759b4be98591be','今天又新人进来，你去安排一下','2','a0','admin','2018-01-04 23:10:41','1','a3ccb3dea86541f38b8a273240280815'),('98a6869f942042a1a037d9d9f01cb50f','你好','1','admin','san','2016-01-25 14:05:02','1','1b7637306683460f89174c2b025862b5'),('9e00295529014b6e8a27019cbccb3da1','柔柔弱弱','1','admin','san','2016-01-24 21:22:57','1','a29603d613ea4e54b5678033c1bf70a6'),('d3aedeb430f640359bff86cd657a8f59','你好','1','admin','san','2016-01-24 21:22:12','1','f022fbdce3d845aba927edb698beb90b'),('e5376b1bd54b489cb7f2203632bd74ec','管理员好','2','admin','san','2016-01-25 14:06:13','2','b347b2034faf43c79b54be4627f3bd2b'),('e5cf70d885e74382b1d5fad3d93f1424','1','1','a2','a1','2017-10-28 01:52:50','1','95dc9576616e46ef82070c0f575a3619'),('e613ac0fcc454f32895a70b747bf4fb5','你也好','2','admin','san','2016-01-25 16:27:54','2','ce8dc3b15afb40f28090f8b8e13f078d'),('f25e00cfafe741a3a05e3839b66dc7aa','你好','2','san','admin','2016-01-25 16:26:44','1','920b20dafdfb4c09b560884eb277c51d'),('fa2f6fb3e3e34a3ea88125e7b52e6c48','今天又新人进来，你去安排一下','1','admin','a0','2018-01-04 23:10:41','1','a3ccb3dea86541f38b8a273240280815');

/*Table structure for table `sys_loginimg` */

DROP TABLE IF EXISTS `sys_loginimg`;

CREATE TABLE `sys_loginimg` (
  `LOGINIMG_ID` varchar(100) NOT NULL,
  `NAME` varchar(30) DEFAULT NULL COMMENT '文件名',
  `FILEPATH` varchar(100) DEFAULT NULL COMMENT '路径',
  `TYPE` int(2) NOT NULL COMMENT '状态',
  `FORDER` int(3) NOT NULL COMMENT '排序',
  PRIMARY KEY (`LOGINIMG_ID`)
) ENGINE=InnoDB DEFAULT CHARSET=utf8;

/*Data for the table `sys_loginimg` */

/*Table structure for table `sys_menu` */

DROP TABLE IF EXISTS `sys_menu`;

CREATE TABLE `sys_menu` (
  `MENU_ID` int(11) NOT NULL,
  `MENU_NAME` varchar(255) DEFAULT NULL,
  `MENU_URL` varchar(255) DEFAULT NULL,
  `PARENT_ID` varchar(100) DEFAULT NULL,
  `MENU_ORDER` varchar(100) DEFAULT NULL,
  `MENU_ICON` varchar(60) DEFAULT NULL,
  `MENU_TYPE` varchar(10) DEFAULT NULL,
  `MENU_STATE` int(1) DEFAULT NULL,
  PRIMARY KEY (`MENU_ID`)
) ENGINE=InnoDB DEFAULT CHARSET=utf8;

/*Data for the table `sys_menu` */

insert  into `sys_menu`(`MENU_ID`,`MENU_NAME`,`MENU_URL`,`PARENT_ID`,`MENU_ORDER`,`MENU_ICON`,`MENU_TYPE`,`MENU_STATE`) values (1,'系统管理','#','0','1','menu-icon fa fa-desktop blue','2',1),(2,'权限管理','#','1','1','menu-icon fa fa-lock black','1',1),(3,'日志管理','fhlog/list.do','1','6','menu-icon fa fa-book blue','1',1),(6,'信息管理','#','0','5','menu-icon fa fa-credit-card green','2',1),(7,'图片管理','#','6','1','menu-icon fa fa-folder-o pink','2',1),(8,'性能监控','druid/index.html','9','9','menu-icon fa fa-tachometer red','1',1),(9,'系统工具','#','0','3','menu-icon fa fa-cog black','2',1),(20,'在线管理','onlinemanager/list.do','1','5','menu-icon fa fa-laptop green','1',1),(36,'角色(基础权限)','role.do','2','1','menu-icon fa fa-key orange','1',1),(37,'按钮权限','buttonrights/list.do','2','2','menu-icon fa fa-key green','1',1),(38,'菜单管理','menu/listAllMenu.do','1','3','menu-icon fa fa-folder-open-o brown','1',1),(39,'按钮管理','fhbutton/list.do','1','2','menu-icon fa fa-download orange','1',1),(40,'用户管理','#','0','2','menu-icon fa fa-users blue','2',1),(41,'系统用户','user/listUsers.do','40','1','menu-icon fa fa-users green','1',1),(43,'数据字典','dictionaries/listAllDict.do?DICTIONARIES_ID=0','1','4','menu-icon fa fa-book purple','1',1),(50,'站内信','fhsms/list.do','6','3','menu-icon fa fa-envelope green','1',1),(51,'图片列表','pictures/list.do','7','1','menu-icon fa fa-folder-open-o green','1',1),(52,'图片爬虫','pictures/goImageCrawler.do','7','2','menu-icon fa fa-cloud-download green','1',1),(54,'数据库管理','#','0','9','menu-icon fa fa-hdd-o blue','2',1),(55,'数据库备份','brdb/listAllTable.do','54','1','menu-icon fa fa-cloud-upload blue','1',1),(56,'数据库还原','brdb/list.do','54','3','menu-icon fa fa-cloud-download blue','1',1),(57,'备份定时器','timingbackup/list.do','54','2','menu-icon fa fa-tachometer blue','1',1),(58,'SQL编辑器','sqledit/view.do','54','4','menu-icon fa fa-pencil-square-o blue','1',1),(69,'客户管理','#','0','11','menu-icon fa fa-users green','2',1),(70,'客户资料','customer/list.do','69','1','menu-icon fa fa-users blue','1',1),(71,'客户备注','remarks/list.do','69','2','menu-icon fa fa-bookmark green','1',1),(72,'客户级别','level/list.do','69','3','menu-icon fa fa-filter orange','1',1),(73,'商品管理','#','0','12','menu-icon fa fa-inbox blue','2',1),(74,'商品列表','goods/list.do','73','1','menu-icon fa fa-gift green','1',1),(75,'商品类别','sptype/list.do','73','2','menu-icon fa fa-book blue','1',1),(76,'品牌管理','spbrand/list.do','73','3','menu-icon fa fa-globe purple','1',1),(77,'计量单位','spunit/list.do','73','4','menu-icon fa fa-circle-o pink','1',1),(78,'库存管理','#','0','13','menu-icon fa fa-home purple','2',1),(79,'商品库存(存)','kucun/list.do','78','1','menu-icon fa fa-home green','1',1),(80,'商品入库(进)','intoku/list.do','78','2','menu-icon fa fa-cloud-download orange','1',1),(81,'商品出库(销)','outku/list.do','78','3','menu-icon fa fa-cloud-upload purple','1',1),(82,'前台销售','sale/salegood.do','73','0','menu-icon fa fa-users purple','1',1),(83,'库存盘点','kucun/kucunchar.do','78','5','menu-icon fa fa-bar-chart-o blue','1',1),(84,'外销报表','outku/salesReport.do','78','6','menu-icon fa fa-book red','1',1),(85,'前台报表','outku/insaleReport.do','78','7','menu-icon fa fa-bar-chart-o grey','1',1),(86,'所有客户','allcustomer/list.do','69','1','menu-icon fa fa-users blue','1',1);

/*Table structure for table `sys_role` */

DROP TABLE IF EXISTS `sys_role`;

CREATE TABLE `sys_role` (
  `ROLE_ID` varchar(100) NOT NULL,
  `ROLE_NAME` varchar(100) DEFAULT NULL,
  `RIGHTS` varchar(255) DEFAULT NULL,
  `PARENT_ID` varchar(100) DEFAULT NULL,
  `ADD_QX` varchar(255) DEFAULT NULL,
  `DEL_QX` varchar(255) DEFAULT NULL,
  `EDIT_QX` varchar(255) DEFAULT NULL,
  `CHA_QX` varchar(255) DEFAULT NULL,
  PRIMARY KEY (`ROLE_ID`)
) ENGINE=InnoDB DEFAULT CHARSET=utf8;

/*Data for the table `sys_role` */

insert  into `sys_role`(`ROLE_ID`,`ROLE_NAME`,`RIGHTS`,`PARENT_ID`,`ADD_QX`,`DEL_QX`,`EDIT_QX`,`CHA_QX`) values ('1','系统管理组','19342813680166049265222606','0','1','1','1','1'),('115b386ff04f4352b060dffcd2b5d1da','中级会员','','2','0','0','0','0'),('1b67fc82ce89457a8347ae53e43a347e','初级会员','','2','0','0','0','0'),('2','备用组(TEST)','','0','0','0','0','1'),('3','注册用户','','1','','0','0','0'),('3264c8e83d0248bb9e3ea6195b4c0216','仓库管理员','147488359698303599050227776','1','89459920356798100129448000','10859672024295007781388352','12088667901461832948252736','149906211337532857399640128'),('4d54e78f42d442c5a2823748250427b0','经理部','19409517106745379096888270','1','77380106893620914927173702','77380106893620846207696960','77380106893620914927173702','147488359697177767862861830'),('53bd1c5cb4c14dd0b7b2b6a8a10adecf','前台销售','53523301717970458758873152','1','38987857682571790884274176','0','0','48687598438386042153205760'),('68f8e4a39efe47c7bb869e9d15ab925d','货架管理员','87646531627376156367388736','1','5128490001522334608916544','5128490001522334608916544','5128490001522334608916544','92482234905837971601096768'),('8b70a7e67f2841e7aaba8a4d92e5ff6f','高级会员','','2','0','0','0','0'),('8e1c44c8202c4bb089a40230fa07e9c0','外销人员','109407196387194880953155776','1','99443003101584530111201344','99443003101584530111201344','99443003101584530111201344','109407196380439481512099904');

/*Table structure for table `sys_role_fhbutton` */

DROP TABLE IF EXISTS `sys_role_fhbutton`;

CREATE TABLE `sys_role_fhbutton` (
  `RB_ID` varchar(100) NOT NULL,
  `ROLE_ID` varchar(100) DEFAULT NULL,
  `BUTTON_ID` varchar(100) DEFAULT NULL,
  PRIMARY KEY (`RB_ID`),
  KEY `角色表外键` (`ROLE_ID`) USING BTREE,
  KEY `fbutton` (`BUTTON_ID`),
  CONSTRAINT `fbutton` FOREIGN KEY (`BUTTON_ID`) REFERENCES `sys_fhbutton` (`FHBUTTON_ID`) ON DELETE CASCADE ON UPDATE CASCADE,
  CONSTRAINT `frole` FOREIGN KEY (`ROLE_ID`) REFERENCES `sys_role` (`ROLE_ID`) ON DELETE CASCADE ON UPDATE CASCADE
) ENGINE=InnoDB DEFAULT CHARSET=utf8;

/*Data for the table `sys_role_fhbutton` */

insert  into `sys_role_fhbutton`(`RB_ID`,`ROLE_ID`,`BUTTON_ID`) values ('4ee1e2bc03a64ef1bc578fcf2e2ea2c1','68f8e4a39efe47c7bb869e9d15ab925d','3542adfbda73410c976e185ffe50ad06'),('5669c8754b4d4e368365ed5065f9fc10','3264c8e83d0248bb9e3ea6195b4c0216','3542adfbda73410c976e185ffe50ad06'),('6cc655a1f9b746eea6af9df540f8e743','3','da7fd386de0b49ce809984f5919022b8'),('74203935bfa34ce3b9b80e81f2a2bcfe','68f8e4a39efe47c7bb869e9d15ab925d','4efa162fce8340f0bd2dcd3b11d327ec'),('81d31bc5bf02490a85ce496b6755ef26','3','46992ea280ba4b72b29dedb0d4bc0106'),('8231c216fb514b4188e4162e629c6237','3264c8e83d0248bb9e3ea6195b4c0216','4efa162fce8340f0bd2dcd3b11d327ec'),('88f66a65ee1642bea7979e0e1050ac5f','3','4efa162fce8340f0bd2dcd3b11d327ec'),('8f8b3c5bfdfa4c6da19fce7396279180','68f8e4a39efe47c7bb869e9d15ab925d','cc51b694d5344d28a9aa13c84b7166cd'),('ca141ad6578d46899c3397461a00740b','3264c8e83d0248bb9e3ea6195b4c0216','cc51b694d5344d28a9aa13c84b7166cd'),('d51dc41918b040a78a021c9a43caf8d5','3264c8e83d0248bb9e3ea6195b4c0216','da7fd386de0b49ce809984f5919022b8'),('d80abc961d594f75b65e90d5b7437aa9','3','cc51b694d5344d28a9aa13c84b7166cd'),('d9a9a5a2d79446449cd26c17f061e1d0','68f8e4a39efe47c7bb869e9d15ab925d','da7fd386de0b49ce809984f5919022b8'),('e2033c3cdb8d48a1865e16e085f103b7','3264c8e83d0248bb9e3ea6195b4c0216','46992ea280ba4b72b29dedb0d4bc0106'),('f0329033d0914faf8ea6e9ff252cc5e6','68f8e4a39efe47c7bb869e9d15ab925d','46992ea280ba4b72b29dedb0d4bc0106'),('f919c1f620634bdaa353a9f63194a2e0','3','3542adfbda73410c976e185ffe50ad06');

/*Table structure for table `sys_user` */

DROP TABLE IF EXISTS `sys_user`;

CREATE TABLE `sys_user` (
  `USER_ID` varchar(100) NOT NULL,
  `USERNAME` varchar(255) DEFAULT NULL,
  `PASSWORD` varchar(255) DEFAULT NULL,
  `NAME` varchar(255) DEFAULT NULL,
  `RIGHTS` varchar(255) DEFAULT NULL,
  `ROLE_ID` varchar(100) DEFAULT NULL,
  `LAST_LOGIN` varchar(255) DEFAULT NULL,
  `IP` varchar(100) DEFAULT NULL,
  `STATUS` varchar(32) DEFAULT NULL,
  `BZ` varchar(255) DEFAULT NULL,
  `SKIN` varchar(100) DEFAULT NULL,
  `EMAIL` varchar(32) DEFAULT NULL,
  `NUMBER` varchar(100) DEFAULT NULL,
  `PHONE` varchar(32) DEFAULT NULL,
  PRIMARY KEY (`USER_ID`)
) ENGINE=InnoDB DEFAULT CHARSET=utf8;

/*Data for the table `sys_user` */

insert  into `sys_user`(`USER_ID`,`USERNAME`,`PASSWORD`,`NAME`,`RIGHTS`,`ROLE_ID`,`LAST_LOGIN`,`IP`,`STATUS`,`BZ`,`SKIN`,`EMAIL`,`NUMBER`,`PHONE`) values ('1','admin','de41b7fb99201d8334c23c014db35ecd92df81bc','SMESS管理员','1133671055321055258374707980945218933803269864762743594642571294','1','2018-04-17 14:15:23','0:0:0:0:0:0:0:1','0','admin','default','QQ313596790@main.com','001','18788888888'),('1e81e11710264976b32ecd063577971d','a4','affee96d809a5307454209ecdda4ec6284e96bcc','前台','','53bd1c5cb4c14dd0b7b2b6a8a10adecf','2018-04-19 17:09:18','0:0:0:0:0:0:0:1','0','前台销售','default','jiang@qq.com','00001','18559693558'),('a88125c7e4994d5a80061a3645d7701d','a0','203e2ccc573d3bfd4b2492926f441614b97d9f9d','采购员','','3264c8e83d0248bb9e3ea6195b4c0216','2018-04-18 16:02:18','0:0:0:0:0:0:0:1','0','总管','default','222222@qq.com','0001','13555555555'),('aba226eceabc404d8960be0ee3626fcd','a2','2a68de09b5b0087d43654e9657dcf6a87408b349','上架员','','68f8e4a39efe47c7bb869e9d15ab925d','2018-04-19 15:11:16','0:0:0:0:0:0:0:1','0','李四','default','55555@qq.com','000003','18888888888'),('df658542223d4da9b700852fd9adaddf','a1','cc3282bafa1ffcbc63c7edf850067c98e28fedb3','外销员','','8e1c44c8202c4bb089a40230fa07e9c0','2018-04-19 15:11:38','0:0:0:0:0:0:0:1','0','测试','default','12121212@qq.com','1002','18765555555');

/*Table structure for table `sys_userphoto` */

DROP TABLE IF EXISTS `sys_userphoto`;

CREATE TABLE `sys_userphoto` (
  `USERPHOTO_ID` varchar(100) NOT NULL,
  `USERNAME` varchar(30) DEFAULT NULL COMMENT '用户名',
  `PHOTO0` varchar(255) DEFAULT NULL COMMENT '原图',
  `PHOTO1` varchar(100) DEFAULT NULL COMMENT '头像1',
  `PHOTO2` varchar(100) DEFAULT NULL COMMENT '头像2',
  `PHOTO3` varchar(100) DEFAULT NULL COMMENT '头像3',
  PRIMARY KEY (`USERPHOTO_ID`)
) ENGINE=InnoDB DEFAULT CHARSET=utf8;

/*Data for the table `sys_userphoto` */

/*Table structure for table `tb_pictures` */

DROP TABLE IF EXISTS `tb_pictures`;

CREATE TABLE `tb_pictures` (
  `PICTURES_ID` varchar(100) NOT NULL,
  `TITLE` varchar(255) DEFAULT NULL COMMENT '标题',
  `NAME` varchar(255) DEFAULT NULL COMMENT '文件名',
  `PATH` varchar(255) DEFAULT NULL COMMENT '路径',
  `CREATETIME` varchar(100) DEFAULT NULL COMMENT '创建时间',
  `MASTER_ID` varchar(255) DEFAULT NULL COMMENT '属于',
  `BZ` varchar(255) DEFAULT NULL COMMENT '备注',
  `ORDER_BY` int(11) DEFAULT NULL,
  PRIMARY KEY (`PICTURES_ID`)
) ENGINE=InnoDB DEFAULT CHARSET=utf8;

/*Data for the table `tb_pictures` */

insert  into `tb_pictures`(`PICTURES_ID`,`TITLE`,`NAME`,`PATH`,`CREATETIME`,`MASTER_ID`,`BZ`,`ORDER_BY`) values ('003db5c4dc3e4aa1947aac40c2ab4a73','商品图片','f190660d413745d9a951076efb5722a8.jpg','goods/f190660d413745d9a951076efb5722a8.jpg','2017-11-09 10:19:41','284e2238d7fc4bd481c6324fc4c160cf','商品图片',1),('2b3c8819dba04577a0fb37e33451c4b4','商品图片','545d84d1102c45f3846f5ba1fa494a2e.jpg','goods/545d84d1102c45f3846f5ba1fa494a2e.jpg','2017-11-09 10:19:41','284e2238d7fc4bd481c6324fc4c160cf','商品图片',1),('3f5afe51b5ab4bdbaa3e2ffd8c4f0abb','商品图片','8c3ea7205b814d93aea4245b0da423c6.png','goods/8c3ea7205b814d93aea4245b0da423c6.jpg','2017-11-09 10:19:41','284e2238d7fc4bd481c6324fc4c160cf','商品图片',1),('8920d2602c924679a685716253b643bb','商品图片','d639b3aeb6574f259d0c8b95e5dde279.jpg','goods/d639b3aeb6574f259d0c8b95e5dde279.jpg','2017-11-09 10:19:41','284e2238d7fc4bd481c6324fc4c160cf','商品图片',1);

/*!40101 SET SQL_MODE=@OLD_SQL_MODE */;
/*!40014 SET FOREIGN_KEY_CHECKS=@OLD_FOREIGN_KEY_CHECKS */;
/*!40014 SET UNIQUE_CHECKS=@OLD_UNIQUE_CHECKS */;
/*!40111 SET SQL_NOTES=@OLD_SQL_NOTES */;
